PCON11CD,ConstituencyName,Winner17,BRX_pct,CHUK_pct,CON_pct,GRN_pct,LAB_pct,LD_pct,Other_pct,PC_pct,SNP_pct,UKIP_pct,TotalVotes
E14000530,Aldershot,Conservative,0.3797254318,0.03824630621,0.1107129917,0.1127662144,0.09895728491,0.2166753895,0.009823261806,0,0,0.03309311969,24839
E14000531,Aldridge-Brownhills,Conservative,0.509073234,0.03148628213,0.1322099806,0.05767984446,0.08732987686,0.1112551307,0,0,0,0.07096565133,18516
E14000532,Altrincham and Sale West,Conservative,0.2161089239,0.03520341207,0.1028871391,0.180511811,0.1188976378,0.305019685,0.01850393701,0,0,0.02283464567,30480
E14000533,Amber Valley,Conservative,0.4454747457,0.02863003162,0.1062729681,0.09494914965,0.1487907016,0.103196308,0.00893086061,0,0,0.0637552346,23402
E14000534,Arundel and South Downs,Conservative,0.3583020858,0.04502577924,0.09737520506,0.1387098664,0.02466604172,0.3104640262,0.006825638622,0,0,0.01860206234,34136
E14000535,Ashfield,Labour,0.4989943767,0.04432951607,0.06280014777,0.06596067808,0.1317161269,0.09124492058,0.02725444321,0,0,0.07765874482,24363
E14000536,Ashford,Conservative,0.4574757638,0.04036820698,0.09954432857,0.121043457,0.06425272944,0.1855714242,0.006972690296,0,0,0.02477139974,32699
E14000537,Ashton-under-Lyne,Labour,0.3592989289,0.02213908676,0.05534771691,0.09660226516,0.2775073028,0.08373904576,0.0502229283,0,0,0.05509147748,19513
E14000538,Aylesbury,Conservative,0.3322391417,0.04787088538,0.103340324,0.1411203307,0.1057414668,0.238229841,0.008814321753,0,0,0.02261329443,32901
E14000539,Banbury,Conservative,0.3321691551,0.04598504031,0.1097529032,0.1360633313,0.08117232748,0.2624348788,0.008411187753,0,0,0.02398207166,34359
E14000540,Barking,Labour,0.2583774969,0.02462291072,0.04586220954,0.05320016307,0.4449653486,0.08516102731,0.04137790461,0,0,0.04643293926,24530
E14000541,Barnsley Central,Labour,0.4664427652,0.02378953261,0.03347327176,0.084075007,0.1786174083,0.08698572628,0.06868178002,0,0,0.05799048419,17865
E14000542,Barnsley East,Labour,0.4923320994,0.02168164992,0.04071919619,0.07303014278,0.1631411951,0.0712321523,0.07355896351,0,0,0.06430460074,18910
E14000543,Barrow and Furness,Labour,0.3836159326,0.0237283034,0.0963178489,0.09732115983,0.1413665095,0.1791913314,0.0352162135,0,0,0.04324270091,19934
E14000544,Basildon and Billericay,Conservative,0.492866224,0.03201958845,0.09907237369,0.08160286293,0.0839101568,0.1545416019,0.008522861044,0,0,0.04741724349,21237
E14000545,Basingstoke,Conservative,0.3676720697,0.04425393079,0.1231821179,0.1149213842,0.09277706432,0.2180417202,0.01252993648,0,0,0.0266217764,28811
E14000546,Bassetlaw,Labour,0.4738520408,0.02734375,0.08211096939,0.07250478316,0.1494339923,0.1126833546,0.008729272959,0,0,0.07342155612,25088
E14000547,Bath,Lib Dem,0.1855204972,0.02745906538,0.04786661886,0.2619815944,0.05524680292,0.3934205809,0.009501613482,0,0,0.01900322696,33468
E14000548,Batley and Spen,Labour,0.3607477359,0.01768712749,0.06192429755,0.07717315582,0.3060608406,0.09753076864,0.03591609258,0,0,0.04299868411,25838
E14000549,Battersea,Labour,0.108255427,0.09260022183,0.03032799873,0.1440025353,0.1696403106,0.4168911424,0.02912375218,0,0,0.009126921249,31555
E14000550,Beaconsfield,Conservative,0.3368070953,0.05331010453,0.1358885017,0.1179284131,0.0513778904,0.2798226164,0.007475451378,0,0,0.01738992715,31570
E14000551,Beckenham,Conservative,0.3053356171,0.05083540704,0.1176679701,0.1171185729,0.06457033901,0.2908897004,0.0295705006,0,0,0.02401189284,30943
E14000552,Bedford,Labour,0.3043072301,0.0358056266,0.09937888199,0.1220720172,0.1793934965,0.2168229611,0.01116388584,0,0,0.03109649657,24633
E14000553,Bermondsey and Old Southwark,Labour,0.1063309843,0.06646396908,0.03591725392,0.1714025915,0.2438622414,0.3266935667,0.03415548988,0,0,0.01517390316,35192
E14000554,Berwick-upon-Tweed,Conservative,0.3957491922,0.04058966074,0.0984450727,0.07719103393,0.1173263328,0.2236470113,0,0,0,0.04705169628,19808
E14000555,Bethnal Green and Bow,Labour,0.09680081424,0.0440953979,0.02379445988,0.1806728468,0.3779880615,0.2308750309,0.03097405991,0,0,0.01482683685,36353
E14000556,Beverley and Holderness,Conservative,0.4303312346,0.02614289625,0.1611004654,0.1052901725,0.05481795784,0.1652066794,0.01940186148,0,0,0.03770873255,29224
E14000557,Bexhill and Battle,Conservative,0.4732004297,0.03930404679,0.095827862,0.1195236958,0.04431777486,0.1932075922,0.008027933628,0,0,0.0265608213,33508
E14000558,Bexleyheath and Crayford,Conservative,0.4267794632,0.03621436906,0.1111018503,0.07722120353,0.1308968161,0.1344807468,0.03342223704,0,0,0.0499249875,23996
E14000559,Birkenhead,Labour,0.2773854245,0.02404207363,0.05589782119,0.1460055096,0.3209115953,0.1151014275,0.02744803406,0,0,0.0332081142,19965
E14000560,"Birmingham, Edgbaston",Labour,0.2509174515,0.03466419065,0.09183357651,0.1333952337,0.1648759782,0.2711677057,0,0,0,0.0531016492,22617
E14000561,"Birmingham, Erdington",Labour,0.328189429,0.02723978508,0.07653379983,0.09146570036,0.3166937398,0.1114582032,0,0,0,0.04848181932,16006
E14000562,"Birmingham, Hall Green",Labour,0.1254535629,0.02370107311,0.04991121748,0.1008646646,0.5542345403,0.1292364703,0,0,0,0.0165984714,25906
E14000563,"Birmingham, Hodge Hill",Labour,0.1653726368,0.01438785805,0.02719656095,0.05641093126,0.6303460982,0.07689608282,0,0,0,0.02943369742,22797
E14000564,"Birmingham, Ladywood",Labour,0.1066975825,0.02645583093,0.03185342861,0.1216740155,0.5540519994,0.135358066,0,0,0,0.02394708834,26308
E14000565,"Birmingham, Northfield",Labour,0.3751014885,0.03155615697,0.0800541272,0.1124763194,0.1948579161,0.157834912,0,0,0,0.04811907984,18475
E14000566,"Birmingham, Perry Barr",Labour,0.2295151487,0.02120341139,0.07081939405,0.06639023701,0.4791499788,0.09998586439,0,0,0,0.03288884701,21223
E14000567,"Birmingham, Selly Oak",Labour,0.2532564423,0.02814856636,0.06952453926,0.2207525104,0.1479614469,0.2326087833,0,0,0,0.04774771142,24797
E14000568,"Birmingham, Yardley",Labour,0.3267771068,0.02531996232,0.07169372264,0.07341126932,0.3485511663,0.1053243947,0,0,0,0.04892237797,18049
E14000569,Bishop Auckland,Labour,0.3391577774,0.03259831237,0.05194236587,0.04983282917,0.3656264926,0.1122034708,0,0,0,0.04867855437,25124
E14000570,Blackburn,Labour,0.2130764956,0.01278014447,0.05438044082,0.05056491943,0.534543434,0.06882756066,0.03804408224,0,0,0.02778292276,26995
E14000571,Blackley and Broughton,Labour,0.1777084172,0.01923076923,0.0347362062,0.08175594039,0.5006544503,0.1357229158,0.02290575916,0,0,0.02728554168,19864
E14000572,Blackpool North and Cleveleys,Conservative,0.4617648526,0.02424302888,0.1176235846,0.07901431636,0.1305432234,0.09058712027,0.04279942136,0,0,0.05342445254,20047
E14000573,Blackpool South,Labour,0.4209924812,0.02393984962,0.08938345865,0.08409022556,0.1932631579,0.08751879699,0.04932330827,0,0,0.05142857143,16625
E14000574,Blaydon,Labour,0.5426914744,0.04817127565,0.04880846183,0.000764623423,0.0002548744743,0.2788963935,0,0,0,0.08047661527,15694
E14000575,Blyth Valley,Labour,0.4351206006,0.03572759704,0.08274319791,0.0532453011,0.2234172834,0.1129332836,0,0,0,0.05675949097,18781
E14000576,Bognor Regis and Littlehampton,Conservative,0.5056469117,0.03086487878,0.09550086451,0.1048449399,0.05985358496,0.160651878,0.008130081301,0,0,0.0345436486,27183
E14000577,Bolsover,Labour,0.480889678,0.03422597031,0.06554223998,0.07259456527,0.16190758,0.0983873354,0.01652118163,0,0,0.06993144943,20277
E14000578,Bolton North East,Labour,0.3278119851,0.02250455294,0.07328072153,0.08537854479,0.2842771659,0.1255311768,0.03932876594,0,0,0.04193044836,23062
E14000579,Bolton South East,Labour,0.3342676038,0.01759303178,0.0684317192,0.05148549006,0.3599672287,0.07498598594,0.04437066103,0,0,0.0488982795,23191
E14000580,Bolton West,Conservative,0.3854606567,0.02913039731,0.1039817289,0.09075239162,0.1370335258,0.171679738,0.03792122727,0,0,0.0440834267,23206
E14000581,Bootle,Labour,0.2805688955,0.02119504987,0.03153860362,0.09849464352,0.4032600665,0.1048670115,0.0240118212,0,0,0.03601773181,21656
E14000582,Boston and Skegness,Conservative,0.5637810775,0.02173820018,0.1248662758,0.05070820318,0.0738157388,0.07514228251,0.01330822885,0,0,0.07659720142,23369
E14000583,Bosworth,Conservative,0.4347391047,0.02531129558,0.10650756,0.08175214942,0.05962792766,0.2331752149,0.006188852653,0,0,0.05266083605,26984
E14000584,Bournemouth East,Conservative,0.3644844715,0.03570130447,0.07624893987,0.1881587981,0.07851056096,0.2223254311,0.002584709826,0,0,0.0319857841,24761
E14000585,Bournemouth West,Conservative,0.4235071687,0.02981723649,0.0738144005,0.1685835828,0.05971325035,0.1895777533,0.008311013077,0,0,0.04663620608,25388
E14000586,Bracknell,Conservative,0.3494127517,0.04330956376,0.1385626398,0.1114024049,0.06963087248,0.2579697987,0.007864932886,0,0,0.02188199105,28608
E14000587,Bradford East,Labour,0.2631900687,0.01349572087,0.0471174645,0.07636603028,0.4374588545,0.08309037901,0.0407222797,0,0,0.03855920248,21266
E14000588,Bradford South,Labour,0.399672875,0.01672558434,0.06405318419,0.08584392972,0.2437608822,0.08631878858,0.04806626919,0,0,0.05550572469,18953
E14000589,Bradford West,Labour,0.1681256647,0.01133109711,0.06446862472,0.08520821402,0.5214349996,0.08447189724,0.03967929314,0,0,0.02523930295,24446
E14000590,Braintree,Conservative,0.4483139387,0.03418839718,0.08863501232,0.143463858,0.05937314193,0.1799031683,0.01057504459,0,0,0.03554743906,23546
E14000591,Brent Central,Labour,0.1203466894,0.0401392441,0.08564222791,0.08326229042,0.3946433646,0.2122406934,0.04191531685,0,0,0.02181017334,28152
E14000592,Brent North,Labour,0.1170345964,0.03406919275,0.1238879736,0.08013179572,0.3821087315,0.2111037891,0.03261943987,0,0,0.01901153213,30350
E14000593,Brentford and Isleworth,Labour,0.157924014,0.05562663403,0.09164487957,0.1089169494,0.2253434945,0.3053902208,0.03651888524,0,0,0.01860710908,35954
E14000594,Brentwood and Ongar,Conservative,0.4518907183,0.03227790845,0.1160846752,0.09437307762,0.04432784512,0.2210240637,0.007960919124,0,0,0.03206079247,27635
E14000595,Bridgwater and West Somerset,Conservative,0.4558706965,0.02384808905,0.07605886205,0.1253058552,0.05258986112,0.2155288279,0.009339352793,0,0,0.04142399283,29017
E14000596,Brigg and Goole,Conservative,0.5000503728,0.02780576264,0.104876083,0.07908523071,0.09747128753,0.1056316744,0.02765464437,0,0,0.05747531735,19852
E14000597,"Brighton, Kemptown",Labour,0.2594633793,0.04002900653,0.08255982596,0.2843364757,0.1298042059,0.1813995649,0.006526468455,0,0,0.0159173314,27580
E14000598,"Brighton, Pavilion",Green,0.1410136383,0.0459502543,0.03453859973,0.4124895625,0.1141924546,0.233900964,0.00824877913,0,0,0.009691050328,39521
E14000599,Bristol East,Labour,0.3213502031,0.02479107335,0.04519351977,0.2174704701,0.2050049022,0.1462720015,0.003361501471,0,0,0.03655632849,21419
E14000600,Bristol North West,Labour,0.1958324725,0.02219533072,0.04173430536,0.290575839,0.09996753343,0.3103509342,0.01508219946,0,0,0.02423187037,33881
E14000601,Bristol South,Labour,0.2538382144,0.02402915753,0.03686621081,0.3376983615,0.1576893304,0.1552057799,0.002193265385,0,0,0.03247968004,31004
E14000602,Bristol West,Labour,0.08712967098,0.02288968289,0.0576336162,0.4494938216,0.1258746464,0.2428353432,0.003238052702,0,0,0.010905166,53736
E14000603,Broadland,Conservative,0.3852286884,0.03182060865,0.09738387613,0.1315892508,0.05509877202,0.2547072433,0.007794981313,0,0,0.03641217298,28095
E14000604,Bromley and Chislehurst,Conservative,0.2966727948,0.05071915216,0.1142352475,0.1127933384,0.08932626798,0.2782884539,0.03175804766,0,0,0.02620669767,27741
E14000605,Bromsgrove,Conservative,0.3919844672,0.04198263545,0.1275964392,0.1139319339,0.06773638129,0.2145657032,0,0,0,0.04220243983,27297
E14000606,Broxbourne,Conservative,0.4464897804,0.03393847065,0.1326224028,0.0807837163,0.1096864288,0.1502263975,0.009140535737,0,0,0.03711226778,23631
E14000607,Broxtowe,Conservative,0.3395565928,0.04849337635,0.08995126639,0.1418422678,0.112499142,0.223453909,0.007207083534,0,0,0.03703068158,29138
E14000608,Buckingham,Speaker,0.344234269,0.04687586169,0.1262890862,0.1318038935,0.02387911542,0.2989301274,0.007527711906,0,0,0.02048750896,36266
E14000609,Burnley,Labour,0.3936124709,0.01630150658,0.04671831187,0.08198279549,0.2564516896,0.0972387244,0.08293332066,0,0,0.02476118055,21041
E14000610,Burton,Conservative,0.4218992167,0.03786704645,0.1365559419,0.07904327064,0.1372680434,0.1331210991,0,0,0,0.05424538181,23873
E14000611,Bury North,Labour,0.3110493695,0.03227185296,0.0985680701,0.1075443471,0.2197478094,0.1654199615,0.03325496901,0,0,0.03218636461,23395
E14000612,Bury South,Labour,0.3162839655,0.0314997466,0.09418736112,0.1185918678,0.2057619586,0.1585123387,0.03804919886,0,0,0.03707457799,25651
E14000613,Bury St Edmunds,Conservative,0.3841132968,0.03134824396,0.1321297045,0.1791071589,0.05260636546,0.1841971317,0.005449264948,0,0,0.0310488338,33399
E14000614,Calder Valley,Conservative,0.3606014093,0.02417498081,0.08895555711,0.1651433754,0.1044442894,0.1778064606,0.04545454545,0,0,0.03341938185,28666
E14000615,Camberwell and Peckham,Labour,0.1159677516,0.05029781602,0.03179712412,0.1900607665,0.3045243968,0.2641236989,0.02830756272,0,0,0.01489080079,33242
E14000616,Camborne and Redruth,Conservative,0.4324189908,0.02249512223,0.06595508627,0.1611385286,0.08011018019,0.1740311412,0.02150043996,0,0,0.04238876774,26139
E14000617,Cambridge,Labour,0.1255363059,0.03263998262,0.0357627763,0.2432792049,0.1177972085,0.4290990061,0.003720197686,0,0,0.01216531798,36826
E14000618,Cannock Chase,Conservative,0.5028151541,0.02886725833,0.10072526,0.09123007921,0.1132264529,0.09309094379,0,0,0,0.07004485161,20958
E14000619,Canterbury,Labour,0.3198379436,0.03872590109,0.08337524448,0.1587035485,0.08642078793,0.287370774,0.006649902207,0,0,0.0189158983,35790
E14000620,Carlisle,Conservative,0.3842550977,0.02573685954,0.1075838577,0.1170932488,0.1368216871,0.1432085916,0.03964611818,0,0,0.04560722903,21137
E14000621,Carshalton and Wallington,Lib Dem,0.3152649129,0.03545757688,0.07788069655,0.08629121897,0.1080400148,0.3046683957,0.03638384587,0,0,0.03601333827,26990
E14000622,Castle Point,Conservative,0.5865318633,0.03028500846,0.09707671897,0.06939933208,0.05658996294,0.09712246672,0.008371837687,0,0,0.05462280983,21859
E14000623,Central Devon,Conservative,0.3835106548,0.02838177363,0.0814541394,0.192747914,0.03464747666,0.2418809516,0.008374949595,0,0,0.02900214026,32239
E14000624,Central Suffolk and North Ipswich,Conservative,0.3959467002,0.03118459607,0.105867169,0.1648527975,0.05511371564,0.2050020929,0.008720524627,0,0,0.03331240407,28668
E14000625,Charnwood,Conservative,0.4124514898,0.03081628626,0.2196277051,0.07442610011,0.08208906137,0.1452344932,0.002598171414,0,0,0.03275669276,30406
E14000626,Chatham and Aylesford,Conservative,0.5182175144,0.03606976532,0.09560770706,0.1030956077,0.05912702036,0.1445530089,0.007122637202,0,0,0.03620673911,21902
E14000627,Cheadle,Conservative,0.2602071907,0.03520091766,0.07753521884,0.1351399792,0.0859590637,0.3620460981,0.02129261211,0,0,0.0226189196,27897
E14000628,Chelmsford,Conservative,0.3754073969,0.03436304379,0.08898965566,0.1115913278,0.05816919371,0.2980374097,0.00573898257,0,0,0.02766756412,28228
E14000629,Chelsea and Fulham,Conservative,0.159866662,0.06659953471,0.1249001701,0.09302406334,0.1430257995,0.3703253585,0.02833431716,0,0,0.01388937116,28799
E14000630,Cheltenham,Conservative,0.2651581594,0.03037478805,0.09816991171,0.1730398176,0.04426124072,0.3618663392,0.006753201193,0,0,0.02034730749,34206
E14000631,Chesham and Amersham,Conservative,0.300381335,0.05475504323,0.1275288912,0.1338165517,0.04354787064,0.3185165779,0.007015398946,0,0,0.01443833144,34353
E14000632,Chesterfield,Labour,0.3870196565,0.0329821144,0.05812820967,0.1035062865,0.1645121303,0.191074907,0.008500088543,0,0,0.05427660705,22588
E14000633,Chichester,Conservative,0.3739705882,0.038,0.1155294118,0.1425294118,0.03182352941,0.2704411765,0.0065,0,0,0.02117647059,34000
E14000634,Chingford and Woodford Green,Conservative,0.2787397584,0.05355182026,0.09962834699,0.1167750655,0.1529690008,0.2357462624,0.03518033618,0,0,0.02740940958,23678
E14000635,Chippenham,Conservative,0.3414450577,0.03104616157,0.06685900652,0.1901969393,0.05058329152,0.2796663322,0.008373055695,0,0,0.0318615153,31888
E14000636,Chipping Barnet,Conservative,0.217876015,0.07620183013,0.1582355974,0.09595308674,0.1343278773,0.2673347081,0.03157623405,0,0,0.01846243073,31036
E14000637,Chorley,Labour,0.3742353627,0.03240605884,0.1075953976,0.1107631809,0.1632318672,0.1483032333,0.02792746869,0,0,0.03553743082,27464
E14000638,Christchurch,Conservative,0.5173140175,0.02501940205,0.09501459773,0.1037732363,0.03041501903,0.1797923057,0.00617169888,0,0,0.04246276655,27059
E14000639,Cities of London and Westminster,Conservative,0.1457477079,0.06821934169,0.1104436716,0.1098113605,0.1367899673,0.3701478905,0.04570204096,0,0,0.01317314786,28467
E14000640,City of Chester,Labour,0.2586475538,0.03071223296,0.08535023026,0.1891555002,0.1254457948,0.2522073335,0.03265122399,0,0,0.0257955057,28881
E14000641,City of Durham,Labour,0.2933613322,0.04299292661,0.04984526967,0.1560934276,0.1075744179,0.2900825228,0,0,0,0.06008694371,27144
E14000642,Clacton,Conservative,0.5753697601,0.02260709633,0.08970036018,0.07709403019,0.06690167829,0.09571614683,0.01187830485,0,0,0.06073262319,26098
E14000643,Cleethorpes,Conservative,0.5369299936,0.02807597027,0.1184512341,0.06830901918,0.07083218644,0.09198091568,0.0200477108,0,0,0.06537297,21798
E14000644,Colchester,Conservative,0.332769276,0.03671277222,0.08894938199,0.1703575633,0.09832989994,0.2384123014,0.006180105945,0,0,0.02825191289,27184
E14000645,Colne Valley,Labour,0.3483926092,0.024208765,0.07426394674,0.137277938,0.163765175,0.1910356367,0.02684324825,0,0,0.03424828225,28089
E14000646,Congleton,Conservative,0.3812992596,0.03865138126,0.1142823024,0.1243133508,0.08291537298,0.203885041,0.02173393838,0,0,0.0329591593,25122
E14000647,Copeland,Conservative,0.3670886076,0.03579223047,0.1059217227,0.09292400213,0.1437994083,0.1808041127,0.03414326592,0,0,0.03952665018,20619
E14000648,Corby,Conservative,0.4036418377,0.03407347364,0.133804244,0.08461917031,0.125843152,0.1667197406,0.007729496569,0,0,0.04353993573,34543
E14000649,Coventry North East,Labour,0.2948821709,0.02804094263,0.06169959533,0.08102832659,0.3827184004,0.1054986908,0,0,0,0.04613187336,21005
E14000650,Coventry North West,Labour,0.3729773081,0.03222154078,0.0872293249,0.1117610983,0.2138510167,0.1328961646,0,0,0,0.04911072322,21197
E14000651,Coventry South,Labour,0.2944321079,0.03067686487,0.07965293198,0.1541656386,0.1817172465,0.2075828604,0,0,0,0.0517723497,24318
E14000652,Crawley,Conservative,0.3769157468,0.03521797824,0.1080362106,0.09398078297,0.1877233384,0.1639005797,0.009290875883,0,0,0.02493448741,25186
E14000653,Crewe and Nantwich,Labour,0.3925823494,0.0321242421,0.1072935503,0.1069744353,0.1303052867,0.1552317129,0.03247881431,0,0,0.04300960891,28203
E14000654,Croydon Central,Labour,0.237783219,0.04917750112,0.1090802497,0.1099079215,0.2017450081,0.2193330345,0.04214229058,0,0,0.03086526192,28997
E14000655,Croydon North,Labour,0.1525622674,0.04116805039,0.09232751217,0.1127683939,0.3666475809,0.173747495,0.03959347266,0,0,0.02115659891,34930
E14000656,Croydon South,Conservative,0.2645183365,0.05511835516,0.1166754798,0.1089613985,0.1156179041,0.2755917758,0.03720177922,0,0,0.02631497092,32149
E14000657,Dagenham and Rainham,Labour,0.4172086043,0.02534600634,0.07612139403,0.05302651326,0.2429964982,0.08420877105,0.04052026013,0,0,0.06057195264,23988
E14000658,Darlington,Labour,0.4049193983,0.03390660983,0.1020138174,0.09486011074,0.1579695232,0.1571855554,0,0,0,0.04914498506,20409
E14000659,Dartford,Conservative,0.4722436817,0.03741308906,0.1060589339,0.0835080749,0.1212154655,0.1374756281,0.007835779715,0,0,0.03424934702,27183
E14000660,Daventry,Conservative,0.3983994433,0.04415765167,0.138166635,0.1119440754,0.05519706459,0.2037704814,0.008034415133,0,0,0.04029860189,31614
E14000661,Denton and Reddish,Labour,0.3834348111,0.02546168168,0.07276203895,0.1089417803,0.2027877019,0.1101997685,0.04211744578,0,0,0.05424445227,19873
E14000662,Derby North,Labour,0.334143167,0.02937093275,0.09861171367,0.1176138829,0.1129718004,0.2233839479,0.008503253796,0,0,0.07535791757,23050
E14000663,Derby South,Labour,0.3077366651,0.0244113407,0.07496395963,0.06213358962,0.3168668909,0.1320999519,0.007015857761,0,0,0.07472369053,20810
E14000664,Derbyshire Dales,Conservative,0.3379820391,0.03578094735,0.1272407114,0.1484768445,0.06300405001,0.2456066209,0.005740447262,0,0,0.0361683395,28395
E14000665,Devizes,Conservative,0.3527269048,0.02944450066,0.2337346959,0.1224324598,0.02921683699,0.1956136801,0.009182434483,0,0,0.0276484873,39532
E14000666,Dewsbury,Labour,0.3436895217,0.01918025988,0.06196433508,0.08252695604,0.2420514238,0.1342618192,0.076029859,0,0,0.0403303843,28936
E14000667,Don Valley,Labour,0.4435907453,0.02318010158,0.05972999957,0.07639883665,0.1748491557,0.09814646004,0.06958371316,0,0,0.05447757955,23037
E14000668,Doncaster Central,Labour,0.4266708475,0.024861136,0.0637430568,0.07476258735,0.1875559935,0.08878337216,0.07946604551,0,0,0.05415696112,22324
E14000669,Doncaster North,Labour,0.4817542214,0.02232645403,0.06205440901,0.06890243902,0.1490619137,0.0780956848,0.07218574109,0,0,0.06557223265,21320
E14000670,Dover,Conservative,0.4745165746,0.03394337017,0.08774171271,0.1152624309,0.09837707182,0.1584599448,0.008080110497,0,0,0.02361878453,28960
E14000671,Dudley North,Labour,0.4860060941,0.02437648121,0.1082834894,0.05862769439,0.1659519242,0.08847759847,0,0,0,0.06816386412,17722
E14000672,Dudley South,Conservative,0.4850226594,0.02448325412,0.09594340665,0.06714933127,0.1658560849,0.09621974135,0,0,0,0.06532552227,18094
E14000673,Dulwich and West Norwood,Labour,0.09918610649,0.06694560669,0.03972029575,0.1930704419,0.1881125695,0.3786897461,0.0247033874,0,0,0.009514529719,34894
E14000674,Ealing Central and Acton,Labour,0.1104898409,0.06688717383,0.07901506799,0.1299417231,0.198613955,0.36646191,0.03606867223,0,0,0.01252165695,38094
E14000675,Ealing North,Labour,0.1771358009,0.04305722549,0.08972150912,0.07259610698,0.3367887434,0.2041399929,0.05072628603,0,0,0.02583433529,30773
E14000676,"Ealing, Southall",Labour,0.1054888508,0.03588863966,0.05426177596,0.1100079166,0.4601860404,0.1858094735,0.03275498087,0,0,0.01560232221,30316
E14000677,Easington,Labour,0.4763364526,0.03667849844,0.07647628267,0.04646660213,0.1884478864,0.09250295794,0,0,0,0.08309131978,18594
E14000678,East Devon,Conservative,0.366416909,0.03290650861,0.08692127041,0.198976739,0.0416853053,0.2359371505,0.01042831581,0,0,0.02672780139,35768
E14000679,East Ham,Labour,0.1022838065,0.02741749638,0.04579430969,0.07722988743,0.5739356516,0.1238514492,0.03096286229,0,0,0.0185540816,33847
E14000680,East Hampshire,Conservative,0.351755901,0.04002666424,0.123625125,0.1375329515,0.0322091931,0.2890343302,0.007181165349,0,0,0.01863466958,33003
E14000681,East Surrey,Conservative,0.3980816851,0.04845939253,0.1159452089,0.1119957371,0.04203366455,0.2505093565,0.007428768454,0,0,0.02557753189,31903
E14000682,East Worthing and Shoreham,Conservative,0.3613247206,0.04412317577,0.0991489798,0.1668888205,0.09470590246,0.2022283742,0.007211456304,0,0,0.02436857035,29259
E14000683,East Yorkshire,Conservative,0.5009800242,0.02564744151,0.08465740857,0.09299803995,0.08115434338,0.1321573043,0.03002627299,0,0,0.05242086826,23979
E14000684,Eastbourne,Lib Dem,0.4275938118,0.02730840333,0.09272532676,0.1126714883,0.05205461681,0.2568676418,0.007264943405,0,0,0.0235462005,30833
E14000685,Eastleigh,Conservative,0.4114822324,0.03720698609,0.08362679188,0.1087752997,0.0496211717,0.2740724932,0.007469853804,0,0,0.02770960054,28113
E14000686,Eddisbury,Conservative,0.3508657833,0.032720917,0.1108852939,0.1238517194,0.1143809446,0.2191691732,0.01760019511,0,0,0.0305259735,24602
E14000687,Edmonton,Labour,0.170802677,0.03504177578,0.0670075238,0.0762356071,0.4507627718,0.1374236189,0.03807623561,0,0,0.02464979008,24057
E14000688,Ellesmere Port and Neston,Labour,0.38505237,0.02858157287,0.1088230073,0.1010118942,0.1537812888,0.1707349547,0.01624356471,0,0,0.03581572874,22532
E14000689,Elmet and Rothwell,Conservative,0.3904302372,0.02899075191,0.1078809811,0.07691998392,0.161761158,0.1905910736,0.01021310816,0,0,0.03317249698,24870
E14000690,Eltham,Labour,0.3017520366,0.04772532827,0.06357177398,0.1008443998,0.1675780233,0.2092028419,0.06885392255,0,0,0.04050887178,26883
E14000691,Enfield North,Labour,0.2224452181,0.04513618677,0.07442146222,0.1149293467,0.2912553758,0.1887364325,0.03506041368,0,0,0.02797460578,24415
E14000692,"Enfield, Southgate",Labour,0.189865894,0.05728295999,0.1141201382,0.1160518593,0.1815446339,0.2898324603,0.03239347673,0,0,0.01894572607,26919
E14000693,Epping Forest,Conservative,0.4261416502,0.03513342514,0.1220365477,0.1104246529,0.07249990696,0.194983066,0.006996910938,0,0,0.03178384011,26869
E14000694,Epsom and Ewell,Conservative,0.3303528275,0.053800145,0.09838690188,0.1129168681,0.05065853069,0.32989971,0.007340502658,0,0,0.01664451426,33104
E14000695,Erewash,Conservative,0.4132294402,0.03036334378,0.1160752096,0.09786567291,0.1421614297,0.1374184806,0.00859659524,0,0,0.05428982807,23614
E14000696,Erith and Thamesmead,Labour,0.2625891266,0.03910427807,0.07609180036,0.09465983363,0.3075609031,0.1555258467,0.0298573975,0,0,0.03457367796,26928
E14000697,Esher and Walton,Conservative,0.2835255589,0.05208600313,0.1205467749,0.1044852627,0.03707817172,0.3809483127,0.008002278229,0,0,0.01335611562,35115
E14000698,Exeter,Labour,0.2787539178,0.0297590781,0.05666888277,0.2828378763,0.1257479343,0.191851078,0.006553328901,0,0,0.02782790388,31587
E14000699,Fareham,Conservative,0.4329936674,0.0381561606,0.1113504131,0.1137291459,0.04230287055,0.2278118872,0.00871130541,0,0,0.02494454981,31109
E14000700,Faversham and Mid Kent,Conservative,0.4459054039,0.03551983407,0.09611467091,0.1151894515,0.04896477647,0.2262306011,0.006778028816,0,0,0.02529723323,26999
E14000701,Feltham and Heston,Labour,0.2136030907,0.0327029958,0.0796055307,0.06594821743,0.3950454114,0.1394537075,0.03995526637,0,0,0.03371966924,29508
E14000702,Filton and Bradley Stoke,Conservative,0.3359850429,0.0293643229,0.1000439915,0.1571229562,0.07361243493,0.2553339688,0.01576361903,0,0,0.03281032334,27278
E14000703,Finchley and Golders Green,Conservative,0.1379772645,0.08513253079,0.1291791191,0.1197944306,0.1477529816,0.3367315588,0.03055609865,0,0,0.01287601598,35803
E14000704,Folkestone and Hythe,Conservative,0.4800466744,0.03240956826,0.08080513419,0.1527421237,0.05764294049,0.1614644107,0.00764294049,0,0,0.0272462077,34280
E14000705,Forest of Dean,Conservative,0.413295446,0.02763029986,0.09317281089,0.1759515442,0.06943094294,0.1758393779,0.009795857324,0,0,0.0349211097,26746
E14000706,Fylde,Conservative,0.4143546695,0.0366841553,0.1301573977,0.1110598111,0.07324239244,0.172339979,0.02791185729,0,0,0.03420776495,23825
E14000707,Gainsborough,Conservative,0.454918986,0.02961469881,0.1291960617,0.08803007985,0.0601597023,0.1807504458,0.01221024886,0,0,0.04511977673,25798
E14000708,Garston and Halewood,Labour,0.250626281,0.03011842405,0.03279435208,0.1241744477,0.3348326122,0.1862901389,0.01577089501,0,0,0.02539284901,17564
E14000709,Gateshead,Labour,0.2530371166,0.02443116988,0.04775488288,0.1302771998,0.379454997,0.122222968,0,0,0,0.04282166588,29798
E14000710,Gedling,Labour,0.3717320907,0.03601611247,0.08573572388,0.1230945423,0.1661796067,0.1600979386,0.008095727036,0,0,0.04908774978,25322
E14000711,Gillingham and Rainham,Conservative,0.5309213483,0.03294382022,0.0966741573,0.09703370787,0.03946067416,0.1516404494,0.01208988764,0,0,0.03919101124,22250
E14000712,Gloucester,Conservative,0.3806621828,0.02642042288,0.09836126491,0.1287577571,0.1276058117,0.1898480175,0.01025602913,0,0,0.03812567352,26911
E14000713,Gosport,Conservative,0.4892591624,0.03160608212,0.1128628535,0.1026263683,0.05088355064,0.1721149176,0.008293794598,0,0,0.03235327082,26767
E14000714,Grantham and Stamford,Conservative,0.4235740665,0.03826425934,0.135925318,0.09673779237,0.06544932294,0.1731637259,0.01863630146,0,0,0.04818082342,29244
E14000715,Gravesham,Conservative,0.4539743995,0.03275126422,0.0992414665,0.0882585335,0.1533264855,0.127528445,0.008849557522,0,0,0.03606984829,25312
E14000716,Great Grimsby,Labour,0.4903221817,0.0255395461,0.07810277658,0.08342093872,0.1447653206,0.09047059551,0.01787149836,0,0,0.06950714242,16171
E14000717,Great Yarmouth,Conservative,0.5302001102,0.02579401505,0.09702588581,0.08022764825,0.1026252983,0.09541949697,0.01055626951,0,0,0.05815127593,21788
E14000718,Greenwich and Woolwich,Labour,0.1328505553,0.06949405728,0.05176333052,0.1626615574,0.2558615315,0.2905111385,0.02023121387,0,0,0.01659414172,30794
E14000719,Guildford,Conservative,0.2638546983,0.05175622936,0.0869408586,0.1524467127,0.03875712999,0.3833983789,0.00879615731,0,0,0.01404983488,33310
E14000720,Hackney North and Stoke Newington,Labour,0.05703992795,0.05294615322,0.02682787042,0.2320624437,0.3390191316,0.2508665157,0.03163123277,0,0,0.009606724707,36641
E14000721,Hackney South and Shoreditch,Labour,0.06394570828,0.05508825591,0.03587586822,0.229401644,0.3633148538,0.2158287134,0.02590326897,0,0,0.01064168738,31386
E14000722,Halesowen and Rowley Regis,Conservative,0.4648992359,0.02630634326,0.09589251833,0.07840623558,0.1666068407,0.1062509615,0,0,0,0.06168914415,19501
E14000723,Halifax,Labour,0.3504988868,0.01723427064,0.07054506473,0.08938731756,0.2774800033,0.09878782881,0.05689783129,0,0,0.0391687969,24254
E14000724,Haltemprice and Howden,Conservative,0.387375952,0.02842526348,0.07977536734,0.09758442957,0.05004231095,0.1884375721,0.1295099623,0,0,0.03884914224,25998
E14000725,Halton,Labour,0.3492113235,0.02465266896,0.04173195446,0.1056095268,0.2724328842,0.1263449284,0.03598662906,0,0,0.04403008461,19146
E14000726,Hammersmith,Labour,0.1387004134,0.06327516016,0.08318868937,0.1253195317,0.2159560703,0.3238236501,0.03392558462,0,0,0.01584245905,31687
E14000727,Hampstead and Kilburn,Labour,0.09592790203,0.07287203163,0.06466148785,0.1379758383,0.2155751527,0.3855361734,0.01819036298,0,0,0.009233406132,36173
E14000728,Harborough,Conservative,0.3397620891,0.03265995636,0.1283170268,0.1098050257,0.09667769409,0.2486802281,0.006264517491,0,0,0.03783346238,28414
E14000729,Harlow,Conservative,0.4478840691,0.02931972462,0.09566222137,0.08781474171,0.1532425016,0.1285446055,0.009147368928,0,0,0.04838476722,20771
E14000730,Harrogate and Knaresborough,Conservative,0.3003701098,0.03337105802,0.1193221791,0.1400605634,0.05172361056,0.2816810938,0.04542256752,0,0,0.02807940538,32693
E14000731,Harrow East,Conservative,0.2006553879,0.04393385155,0.1555784179,0.06245237007,0.2840649291,0.1786313062,0.05003048316,0,0,0.02469135802,26244
E14000732,Harrow West,Labour,0.1654435114,0.05045515489,0.1373579846,0.09752311058,0.277291652,0.2095476678,0.0427281067,0,0,0.01961752876,28342
E14000733,Hartlepool,Labour,0.5274443017,0.04427941259,0.05081244067,0.05472108995,0.1376402926,0.09654363728,0,0,0,0.08855882517,17909
E14000734,Harwich and North Essex,Conservative,0.4359418422,0.03596600749,0.07918160216,0.1183293729,0.04720286761,0.2358129607,0.009545289782,0,0,0.03806033268,24829
E14000735,Hastings and Rye,Conservative,0.3881906647,0.03143658255,0.06960250701,0.1704436747,0.1213920501,0.1866072901,0.007587003134,0,0,0.02480620155,30315
E14000736,Havant,Conservative,0.4559212703,0.02973040026,0.1109411181,0.1069715514,0.0473453523,0.2040191862,0.007773734701,0,0,0.0372973867,24184
E14000737,Hayes and Harlington,Labour,0.207309052,0.03280440681,0.08575187043,0.06675984543,0.4346378361,0.1196662008,0.02117076379,0,0,0.03198224122,24326
E14000738,Hazel Grove,Conservative,0.3347507464,0.032886999,0.06998100063,0.121460237,0.09481588709,0.286121415,0.02619198408,0,0,0.03379173075,22106
E14000739,Hemel Hempstead,Conservative,0.3646760359,0.03362461241,0.11722305,0.09978657432,0.09201465791,0.2516409616,0.007691378408,0,0,0.03338299843,24833
E14000740,Hemsworth,Labour,0.4399415178,0.02074290675,0.05172019921,0.07890528624,0.1588614246,0.1194773153,0.07186914607,0,0,0.05848220405,21887
E14000741,Hendon,Conservative,0.1813194211,0.06994278021,0.1458094918,0.08394479973,0.2194883877,0.2379670145,0.04170313026,0,0,0.01982497476,29710
E14000742,Henley,Conservative,0.2794187909,0.04859335038,0.1094685366,0.1514853433,0.02928529271,0.359798769,0.006970012085,0,0,0.01497990501,35581
E14000743,Hereford and South Herefordshire,Conservative,0.4084407096,0.04089635854,0.1047619048,0.1552941176,0.0566573296,0.1834173669,0,0,0,0.05053221289,26775
E14000744,Hertford and Stortford,Conservative,0.326520696,0.0388107747,0.1201068967,0.1630174011,0.05779100489,0.2621397552,0.007197303289,0,0,0.02444653649,32929
E14000745,Hertsmere,Conservative,0.308592862,0.05967265288,0.1770478139,0.09695385315,0.0925589149,0.2296734106,0.008070015913,0,0,0.02743047662,26394
E14000746,Hexham,Conservative,0.3163039392,0.04473871089,0.1030953674,0.09298634028,0.06232507624,0.3475917958,0,0,0,0.03295877021,23939
E14000747,Heywood and Middleton,Labour,0.3833504625,0.02068345324,0.06783144913,0.08723021583,0.1969852689,0.126113395,0.05716855087,0,0,0.06068002741,23352
E14000748,High Peak,Labour,0.3186464826,0.03244879786,0.08227960819,0.1644167409,0.1417987533,0.215779163,0.005841495993,0,0,0.03878895815,28075
E14000749,Hitchin and Harpenden,Conservative,0.2277833669,0.04311983009,0.09970936732,0.1379107981,0.0582942097,0.4104068858,0.006259780908,0,0,0.01657165214,35784
E14000750,Holborn and St Pancras,Labour,0.1114053871,0.05612532402,0.04274202637,0.1750535332,0.2429561591,0.3225515609,0.03572636087,0,0,0.01343964837,35492
E14000751,Hornchurch and Upminster,Conservative,0.4861027794,0.03096047457,0.1033459975,0.06701992935,0.09441445044,0.1289408785,0.03632606812,0,0,0.05288942212,30006
E14000752,Hornsey and Wood Green,Labour,0.06420853244,0.06117353308,0.03228722717,0.2349218649,0.1963493908,0.3851005209,0.01917861294,0,0,0.006780317706,46458
E14000753,Horsham,Conservative,0.358874471,0.04983044197,0.1538914268,0.1232308512,0.03988116925,0.248479583,0.006838373364,0,0,0.01897368347,35681
E14000754,Houghton and Sunderland South,Labour,0.4470403455,0.03651712968,0.07416314911,0.06081280063,0.175272406,0.1042505154,0,0,0,0.1018945715,20374
E14000755,Hove,Labour,0.1972077944,0.05855691931,0.06031031859,0.302147087,0.1412313495,0.2286366494,0.002415059384,0,0,0.009461739504,30227
E14000756,Huddersfield,Labour,0.3082788671,0.01870007262,0.06086601307,0.122412854,0.2688362382,0.1395697168,0.04343681917,0,0,0.03794480755,22032
E14000757,Huntingdon,Conservative,0.3602252556,0.04606108833,0.1178000857,0.1318479525,0.0646691559,0.238017996,0.008171634939,0,0,0.03323743649,32674
E14000758,Hyndburn,Labour,0.3866812326,0.01993718421,0.08298056352,0.07838317629,0.2499431016,0.08493786699,0.04424416223,0,0,0.05289271246,21969
E14000759,Ilford North,Labour,0.2600675286,0.0440583052,0.1184633122,0.07448735897,0.2524911472,0.1761508688,0.04442888907,0,0,0.02981141398,24286
E14000760,Ilford South,Labour,0.1348173695,0.03266969744,0.07004232638,0.074713905,0.4981972096,0.1415895908,0.02994199718,0,0,0.01802790406,31895
E14000761,Ipswich,Labour,0.3472967717,0.02707117853,0.08646441074,0.1398288604,0.1731232983,0.181252431,0.008401400233,0,0,0.03656164916,25710
E14000762,Isle of Wight,Conservative,0.4667035691,0.02664195808,0.08608697745,0.1649779789,0.05970975428,0.1578060696,0.006979374744,0,0,0.03109431783,41551
E14000763,Islington North,Labour,0.09250723867,0.05790935413,0.02142055191,0.2051350233,0.3093423152,0.2792058146,0.02242510193,0,0,0.01202505466,33846
E14000764,Islington South and Finsbury,Labour,0.1029228003,0.05519490415,0.02764316845,0.1860351711,0.2604919082,0.3181859742,0.03413489379,0,0,0.01542165737,32811
E14000765,Jarrow,Labour,0.4414957154,0.04300181771,0.05136328226,0.09415736172,0.1708647105,0.1282783693,0,0,0,0.07083874318,19255
E14000766,Keighley,Labour,0.3319230131,0.01970300315,0.07354405177,0.1317819811,0.1550937448,0.2139953542,0.03820308611,0,0,0.03579724573,24108
E14000767,Kenilworth and Southam,Conservative,0.3048203825,0.04425153504,0.1020184911,0.1501164514,0.04213423671,0.3264874021,0,0,0,0.03020678947,28338
E14000768,Kensington,Labour,0.1646964452,0.06776154691,0.1173266909,0.09300852824,0.1522418306,0.3583973655,0.03284640716,0,0,0.01376340454,23686
E14000769,Kettering,Conservative,0.4105601435,0.03591046672,0.1206232951,0.1041440903,0.1034714697,0.1671462202,0.009491424087,0,0,0.0486528904,26761
E14000770,Kingston and Surbiton,Lib Dem,0.2127522714,0.04009541422,0.07901155155,0.09364530567,0.08284420144,0.438020959,0.03149205328,0,0,0.02213824341,37311
E14000771,Kingston upon Hull East,Labour,0.5069160848,0.01534712159,0.03517323146,0.0594783296,0.184297194,0.0961006455,0.03029903833,0,0,0.07245422211,15182
E14000772,Kingston upon Hull North,Labour,0.3529127387,0.01710176456,0.02187575538,0.1453347837,0.1659415035,0.19494803,0.04749818709,0,0,0.05444766739,16548
E14000773,Kingston upon Hull West and Hessle,Labour,0.4756589371,0.01944404436,0.04544145182,0.06726199049,0.1852225263,0.1106150079,0.0324067406,0,0,0.06394930145,13886
E14000774,Kingswood,Conservative,0.4126395673,0.02778262387,0.09861304955,0.1415736218,0.08544138172,0.1924720865,0.004666782973,0,0,0.03681088625,22928
E14000775,Knowsley,Labour,0.2512363996,0.02327034203,0.0171273882,0.1334790983,0.420011453,0.08152428549,0.04221979281,0,0,0.03113124056,19209
E14000776,Lancaster and Fleetwood,Labour,0.2742702933,0.02144734039,0.1100063916,0.2089340246,0.1361053902,0.169590228,0.03937930545,0,0,0.04023151765,28162
E14000777,Leeds Central,Labour,0.2171593622,0.01933449262,0.02835332606,0.2221403519,0.2744849539,0.1395266586,0.05726664505,0,0,0.0417931563,33929
E14000778,Leeds East,Labour,0.3519615514,0.02140382251,0.07387951269,0.07393539734,0.3233486085,0.1032189561,0.01067396893,0,0,0.04163406729,17894
E14000779,Leeds North East,Labour,0.2069509556,0.03610710422,0.09502344032,0.1348269023,0.2254327443,0.2784890011,0.006355932203,0,0,0.01685899748,22184
E14000780,Leeds North West,Labour,0.2150982089,0.01964177,0.04883206767,0.2472363741,0.06065558012,0.2368547534,0.136659297,0,0,0.0350219488,31209
E14000781,Leeds West,Labour,0.2751943397,0.02215705442,0.04571056184,0.2029511707,0.2672345576,0.1205138947,0.03072196621,0,0,0.035423358,21483
E14000782,Leicester East,Labour,0.1361181573,0.01755175518,0.08432206857,0.0356762949,0.6198347107,0.07859422306,0.003395794125,0,0,0.02458882252,24442
E14000783,Leicester South,Labour,0.1476939389,0.02261883725,0.06011662838,0.1303410497,0.4055486835,0.1961477293,0.006820993108,0,0,0.03071213995,28295
E14000784,Leicester West,Labour,0.2147581869,0.02927781392,0.08181522446,0.1053459119,0.3699848189,0.1550097593,0.004174799393,0,0,0.03963348514,18444
E14000785,Leigh,Labour,0.427404239,0.03248906618,0.05666362282,0.08968135724,0.1793146537,0.109242082,0.05137694045,0,0,0.05382803864,20807
E14000786,Lewes,Conservative,0.305959483,0.0389634601,0.07889013174,0.209949043,0.04968307233,0.2942145165,0.005530698484,0,0,0.01677852349,32184
E14000787,Lewisham East,Labour,0.1541681066,0.05817302154,0.04204584725,0.1428406866,0.2604922628,0.2881388473,0.03571017164,0,0,0.01846945436,26043
E14000788,Lewisham West and Penge,Labour,0.16256457,0.05965765218,0.05857726459,0.1823829299,0.2091562848,0.2792464297,0.03190519599,0,0,0.01650967285,29619
E14000789,"Lewisham, Deptford",Labour,0.0834273482,0.0580867251,0.0260059591,0.2523937632,0.2682750441,0.2709942434,0.03040296219,0,0,0.0104139547,34569
E14000790,Leyton and Wanstead,Labour,0.1202284946,0.05151209677,0.06075268817,0.1700268817,0.2925067204,0.2631048387,0.0283266129,0,0,0.01354166667,29760
E14000791,Lichfield,Conservative,0.4314330927,0.03817206376,0.1219653402,0.1146705778,0.04071944112,0.2053340538,0,0,0,0.04770543055,25909
E14000792,Lincoln,Labour,0.3935151069,0.02860982271,0.08977415579,0.1197711214,0.1388009883,0.1686245611,0.0157787507,0,0,0.04508214487,23069
E14000793,"Liverpool, Riverside",Labour,0.1206642842,0.02329899797,0.01250788312,0.2425197954,0.2975264522,0.2133347348,0.06870576694,0,0,0.02144208535,28542
E14000794,"Liverpool, Walton",Labour,0.2188804321,0.01872084459,0.0160815124,0.08188067763,0.5551804567,0.07592683526,0.007181438743,0,0,0.0261478026,16292
E14000795,"Liverpool, Wavertree",Labour,0.1479941292,0.02411937378,0.01942270059,0.1530332681,0.4417318982,0.1888454012,0.00939334638,0,0,0.0154109589,20440
E14000796,"Liverpool, West Derby",Labour,0.2572412002,0.02493830368,0.02786076114,0.09722041824,0.4424600597,0.1145603325,0.008572541889,0,0,0.02714638265,15398
E14000797,Loughborough,Conservative,0.2787339836,0.04245553643,0.007075922739,0.1952094091,0.1466341557,0.2654427233,0.0123350545,0,0,0.05211321476,20916
E14000798,Louth and Horncastle,Conservative,0.5282290377,0.02575216726,0.1200553653,0.07204778903,0.0563852262,0.1236249727,0.01158301158,0,0,0.06235885481,27454
E14000799,Ludlow,Conservative,0.4182890855,0.0395280236,0.03497682259,0.1482511589,0.04492203961,0.2665402444,0,0,0,0.04749262537,23730
E14000800,Luton North,Labour,0.3191170538,0.03244769754,0.08985072906,0.06414615872,0.310990721,0.1395884963,0.00806869921,0,0,0.03584807792,17351
E14000801,Luton South,Labour,0.2657630821,0.03172475424,0.06171184589,0.08216661702,0.3751861781,0.1423393903,0.008092542945,0,0,0.03301558932,20142
E14000802,Macclesfield,Conservative,0.3077031107,0.03753247665,0.10926199,0.1563794677,0.08289445966,0.2630433256,0.01706340847,0,0,0.02612176111,28482
E14000803,Maidenhead,Conservative,0.3010280574,0.05300920968,0.07813950168,0.1264367816,0.04911829799,0.3709930749,0.006603840937,0,0,0.01463553937,28014
E14000804,Maidstone and The Weald,Conservative,0.4324933687,0.03637267905,0.1263262599,0.1034814324,0.05351458886,0.2201259947,0.006399204244,0,0,0.02128647215,30160
E14000805,Makerfield,Labour,0.4304657795,0.03032319392,0.05280418251,0.0852661597,0.1921102662,0.1015209125,0.05228136882,0,0,0.0552756654,21040
E14000806,Maldon,Conservative,0.4744191414,0.03419756886,0.1047468841,0.09374519157,0.04012155716,0.2084551469,0.007885828589,0,0,0.03642868134,25996
E14000807,Manchester Central,Labour,0.127494833,0.02202548046,0.04013326341,0.2436375976,0.3397908505,0.1856433353,0.01662707838,0,0,0.02464756146,32417
E14000808,"Manchester, Gorton",Labour,0.1182405802,0.01328235851,0.01753901939,0.1552892953,0.4199905408,0.1530033107,0.09482894529,0,0,0.02778653634,25372
E14000809,"Manchester, Withington",Labour,0.1031931151,0.03313761763,0.03177028875,0.2443094989,0.2240006434,0.3341108341,0.01435695327,0,0,0.01512104882,24866
E14000810,Mansfield,Conservative,0.5022380974,0.03359406791,0.07505538726,0.05936609848,0.1548582538,0.08880047023,0.01740742415,0,0,0.06868020075,22117
E14000811,Meon Valley,Conservative,0.4191267035,0.04084389527,0.07866820295,0.1049704001,0.03420874886,0.2913902022,0.006794072073,0,0,0.02403750646,25169
E14000812,Meriden,Conservative,0.3869017078,0.0352195265,0.1125119109,0.1303965404,0.08286300667,0.2107674265,0,0,0,0.04137653009,27286
E14000813,Mid Bedfordshire,Conservative,0.3494716146,0.04773900221,0.1321884984,0.1505283854,0.04770828213,0.2303698697,0.007864340133,0,0,0.03413000737,32552
E14000814,Mid Derbyshire,Conservative,0.3509088768,0.03403871069,0.1160928114,0.1312473009,0.06917671077,0.2459267402,0.005692748616,0,0,0.04691610066,25471
E14000815,Mid Dorset and North Poole,Conservative,0.4468351696,0.02963923094,0.07872110607,0.1336357745,0.0412184057,0.2266580255,0.005789587384,0,0,0.03754590624,23145
E14000816,Mid Norfolk,Conservative,0.431897115,0.03015714728,0.1293972009,0.129981775,0.05185516316,0.1745469551,0.009868986624,0,0,0.0423988171,29081
E14000817,Mid Sussex,Conservative,0.3321284888,0.05387226553,0.07665954237,0.1519989942,0.04686321348,0.314967312,0.007103344229,0,0,0.0163754086,31816
E14000818,Mid Worcestershire,Conservative,0.4176186591,0.04175166599,0.1465728274,0.1075071399,0.05198558412,0.1874405005,0,0,0,0.04712362301,29412
E14000819,Middlesbrough,Labour,0.4187573118,0.05134537892,0.04153126219,0.05901468868,0.2654361108,0.09911607955,0,0,0,0.06479916807,15386
E14000820,Middlesbrough South and East Cleveland,Conservative,0.475106827,0.05589784359,0.06722647322,0.06349995031,0.1037463977,0.1715194276,0,0,0,0.06300308059,20126
E14000821,Milton Keynes North,Conservative,0.3180869844,0.0403787514,0.08476969989,0.1195313754,0.1517894399,0.2532819772,0.007896003852,0,0,0.02429786551,31155
E14000822,Milton Keynes South,Conservative,0.353716551,0.04027089528,0.1002312521,0.1016848365,0.1314172448,0.2347208457,0.009217046581,0,0,0.02870829204,30270
E14000823,Mitcham and Morden,Labour,0.2093705376,0.04222145035,0.07479448883,0.09220022384,0.3327544286,0.1777623403,0.042916136,0,0,0.02798039443,25911
E14000824,Mole Valley,Conservative,0.3314932209,0.04322242106,0.1110740392,0.1027632018,0.02611544178,0.3625223695,0.005611331857,0,0,0.01719797385,32969
E14000825,Morecambe and Lunesdale,Conservative,0.4255862179,0.03046737917,0.04253735311,0.1417025576,0.1292603818,0.1887595044,0.005263997448,0,0,0.0364226086,18807
E14000826,Morley and Outwood,Conservative,0.4588660096,0.02922806675,0.08831853225,0.08299990241,0.1403337562,0.1251097882,0.03049673075,0,0,0.04474480336,20494
E14000827,New Forest East,Conservative,0.4664866949,0.03667566525,0.1210566911,0.1048592364,0.04037794061,0.1958735056,0.006941766294,0,0,0.02772849981,25930
E14000828,New Forest West,Conservative,0.4163450303,0.03066463652,0.1178074431,0.1269785064,0.02807974222,0.2504868808,0.007258949754,0,0,0.02237881095,28241
E14000829,Newark,Conservative,0.3748962942,0.0381982854,0.1280074668,0.1139034845,0.09229811947,0.2025719027,0.009713772124,0,0,0.04041067478,28928
E14000830,Newbury,Conservative,0.3293322878,0.04101574281,0.1402979673,0.1285662585,0.0326014838,0.3036371313,0.006333313228,0,0,0.01824597382,33158
E14000831,Newcastle upon Tyne Central,Labour,0.2204707122,0.03618161061,0.05273557566,0.08588741547,0.3612452797,0.1956617195,0,0,0,0.04777377711,22774
E14000832,Newcastle upon Tyne East,Labour,0.2462025587,0.03696889307,0.03679774079,0.1533524453,0.1920328612,0.2788926447,0,0,0,0.05579564417,23371
E14000833,Newcastle upon Tyne North,Labour,0.3543181498,0.04963174931,0.07374396022,0.05103907679,0.1814514237,0.2427639912,0,0,0,0.04705164892,21317
E14000834,Newcastle-under-Lyme,Labour,0.422231252,0.03110749921,0.08867217482,0.1039776062,0.1438891146,0.1490360739,0,0,0,0.06108627929,22149
E14000835,Newton Abbot,Conservative,0.4376401587,0.02452992927,0.07321028118,0.1617388304,0.04643781266,0.2168362946,0.008521649129,0,0,0.03105054338,28985
E14000836,"Normanton, Pontefract and Castleford",Labour,0.479297313,0.01852236389,0.05901407866,0.06682171187,0.1647078367,0.0771211429,0.06761078118,0,0,0.06686324183,24079
E14000837,North Cornwall,Conservative,0.4542106023,0.02347248303,0.0845009389,0.1542683808,0.06510905677,0.1707352304,0.008125090279,0,0,0.03957821754,27692
E14000838,North Devon,Conservative,0.4266134445,0.01988766823,0.08506128793,0.1505175033,0.03889222509,0.2326821859,0.009396305062,0,0,0.03694938006,28309
E14000839,North Dorset,Conservative,0.4159749231,0.02417716375,0.1850002902,0.1156614617,0.03407441806,0.1852034597,0.007256051547,0,0,0.03268125617,34454
E14000840,North Durham,Labour,0.4564431125,0.04448692777,0.07166477214,0.06117598429,0.161568668,0.140177741,0,0,0,0.06448279425,19354
E14000841,North East Bedfordshire,Conservative,0.3712787551,0.04739512855,0.1116035183,0.1108254398,0.05700270636,0.2594046008,0.007171853857,0,0,0.03525033829,29560
E14000842,North East Cambridgeshire,Conservative,0.5021892252,0.03190557777,0.1262897392,0.0871121264,0.05840472111,0.1300970874,0.01027984009,0,0,0.05379782981,26265
E14000843,North East Derbyshire,Conservative,0.4241554335,0.02987185888,0.1036778166,0.09777001165,0.1269345981,0.1588034615,0.00748876685,0,0,0.05133965718,24036
E14000844,North East Hampshire,Conservative,0.334129943,0.05066437243,0.1262466941,0.1137558551,0.02603320269,0.3240607972,0.008093553835,0,0,0.01701558168,31383
E14000845,North East Hertfordshire,Conservative,0.3234121433,0.03826245104,0.109995803,0.1369613878,0.06802602126,0.2861639619,0.009757974259,0,0,0.02745523223,28592
E14000846,North East Somerset,Conservative,0.367276932,0.03006359607,0.09358257853,0.1334361149,0.05137791482,0.2936982077,0.002389670457,0,0,0.02817498555,25945
E14000847,North Herefordshire,Conservative,0.3849266388,0.04201118891,0.1103761303,0.1618873368,0.03043524155,0.227402273,0,0,0,0.04296119067,28421
E14000848,North Norfolk,Lib Dem,0.4138106303,0.02330816149,0.09032820215,0.1035071159,0.03703165844,0.2824571595,0.009620970084,0,0,0.03993610224,27544
E14000849,North Shropshire,Conservative,0.4304630779,0.03908512959,0.03408193206,0.1233495091,0.1276755821,0.1927923861,0,0,0,0.05251476508,26583
E14000850,North Somerset,Conservative,0.332731377,0.03759217457,0.07840481565,0.1861550038,0.03542513168,0.2977878104,0.007885628292,0,0,0.02404815651,33225
E14000851,North Swindon,Conservative,0.3942890107,0.03648687626,0.1083429478,0.121646957,0.1238102106,0.1611984425,0.01027545428,0,0,0.0440222094,27736
E14000852,North Thanet,Conservative,0.5380439503,0.03630678364,0.0725701381,0.09723790498,0.08212455485,0.1365413011,0.004212629202,0,0,0.03296273777,23026
E14000853,North Tyneside,Labour,0.3628388524,0.03643404726,0.07108986011,0.06729629337,0.2774836007,0.1207223583,0,0,0,0.06417450407,25306
E14000854,North Warwickshire,Conservative,0.4927418319,0.02941806192,0.1116773006,0.07913330193,0.1102642059,0.1088939323,0,0,0,0.06787136556,23353
E14000855,North West Cambridgeshire,Conservative,0.4075713316,0.04104334484,0.1175828391,0.1211531085,0.06998908265,0.1999645924,0.008291286772,0,0,0.03443392051,33891
E14000856,North West Durham,Labour,0.4147382398,0.04737291351,0.06430197269,0.08578338392,0.1484256449,0.1841331563,0,0,0,0.05524468892,21088
E14000857,North West Hampshire,Conservative,0.3965284855,0.04158585095,0.1232124659,0.1125612282,0.04523488609,0.2469509188,0.009204773332,0,0,0.02475426543,30419
E14000858,North West Leicestershire,Conservative,0.4331538189,0.03927041157,0.1129368293,0.09906049766,0.09237784504,0.1638429184,0.008569519242,0,0,0.05078815991,25439
E14000859,North West Norfolk,Conservative,0.4490069555,0.0367468365,0.1102405095,0.1201290539,0.07550490237,0.1551579653,0.00934383642,0,0,0.0438699405,23866
E14000860,North Wiltshire,Conservative,0.369129883,0.03620786913,0.08528416302,0.1552319842,0.03638414892,0.2759131293,0.01022422789,0,0,0.0315893386,28364
E14000861,Northampton North,Conservative,0.3849792755,0.03933141107,0.09573797081,0.1117768967,0.1566949,0.1502522977,0.009776536313,0,0,0.05145071184,22196
E14000862,Northampton South,Conservative,0.3659476117,0.04540922686,0.101830871,0.09988217167,0.1787365177,0.1543551165,0.00716033717,0,0,0.04663282879,22066
E14000863,Norwich North,Conservative,0.3837719298,0.0306122449,0.09192624418,0.1273272467,0.1453186538,0.175170068,0.006623702112,0,0,0.03920515575,22344
E14000864,Norwich South,Labour,0.2002541636,0.03173700756,0.05608320514,0.2789779948,0.1389539161,0.2616547388,0.008026218982,0,0,0.024312755,29902
E14000865,Nottingham East,Labour,0.1964880412,0.03986275103,0.04541326067,0.1484509032,0.3817236855,0.1528408518,0.003279846604,0,0,0.03189020083,19818
E14000866,Nottingham North,Labour,0.3436408978,0.03472568579,0.06726932668,0.06097256858,0.3652119701,0.07955112219,0.0009975062344,0,0,0.04769326683,16040
E14000867,Nottingham South,Labour,0.2519213337,0.03290899775,0.06581799551,0.1889410003,0.1880345249,0.202695779,0.0155283175,0,0,0.05411263942,25373
E14000868,Nuneaton,Conservative,0.4364182911,0.03233740208,0.08220987429,0.09692111496,0.1613681909,0.1318546183,0,0,0,0.05889050829,21956
E14000869,Old Bexley and Sidcup,Conservative,0.4406892762,0.0384283247,0.1170120898,0.0764641231,0.08961375412,0.1563039724,0.03473857748,0,0,0.04671062961,25476
E14000870,Oldham East and Saddleworth,Labour,0.290547754,0.0214338507,0.04915003695,0.09304426378,0.3123511538,0.147860721,0.04479756919,0,0,0.04077358955,24354
E14000871,Oldham West and Royton,Labour,0.287968873,0.01691877241,0.04612223485,0.06509574189,0.3970883973,0.09377459124,0.045553904,0,0,0.04752120311,22874
E14000872,Orpington,Conservative,0.3868249175,0.04477140249,0.1107170447,0.09410773228,0.06548914952,0.2328464078,0.03423695484,0,0,0.0310063909,28478
E14000873,Oxford East,Labour,0.1536673375,0.0400388592,0.01644577059,0.2142113663,0.1965859413,0.3560474637,0.007633058081,0,0,0.01537020332,28822
E14000874,Oxford West and Abingdon,Lib Dem,0.2127859185,0.03721408149,0.1136749464,0.1686249107,0.04382594711,0.4083273767,0.003551644031,0,0,0.01195050036,44768
E14000875,Pendle,Conservative,0.3442207645,0.01596923773,0.1260348337,0.07369373445,0.2608007238,0.1051798236,0.03356706627,0,0,0.04053381588,22105
E14000876,Penistone and Stocksbridge,Labour,0.4877618751,0.0274839245,0.05543455715,0.1092097075,0.09344534329,0.147479776,0.03329184816,0,0,0.04589296826,19284
E14000877,Penrith and The Border,Conservative,0.3725248034,0.02749989708,0.1270017702,0.1420279116,0.05874603763,0.2117656745,0.027170557,0,0,0.03322218105,24291
E14000878,Peterborough,Labour,0.3695422821,0.02690310015,0.09941567927,0.09994319104,0.2241925012,0.1330952767,0.00892712222,0,0,0.03798084727,24644
E14000879,"Plymouth, Moor View",Conservative,0.497432972,0.02723901882,0.08841985168,0.08062369272,0.1478893326,0.09887811371,0.005229131014,0,0,0.05428788743,21036
E14000880,"Plymouth, Sutton and Devonport",Labour,0.3367501497,0.02934235091,0.05879037655,0.2073690514,0.1341012364,0.1756666314,0.01571031033,0,0,0.04223466836,28389
E14000881,Poole,Conservative,0.4205904262,0.03371623476,0.08123260281,0.1361194966,0.05108401615,0.2371505861,0.002705139766,0,0,0.03744070255,25507
E14000882,Poplar and Limehouse,Labour,0.1061389701,0.05612130168,0.05332648013,0.09200424042,0.3810273379,0.2727360339,0.0234508015,0,0,0.01516271001,31129
E14000883,Portsmouth North,Conservative,0.4919420401,0.03366649132,0.08837453972,0.0779015829,0.09052651714,0.1803357085,0.003347520444,0,0,0.0338577782,20911
E14000884,Portsmouth South,Labour,0.3147618114,0.0299157028,0.05959615762,0.1662419134,0.1198196432,0.2677906293,0.01074299157,0,0,0.03117035875,25505
E14000885,Preston,Labour,0.2411302412,0.01490028619,0.04420115386,0.08722118748,0.4113024122,0.1167491937,0.04556398492,0,0,0.03888611275,22013
E14000886,Pudsey,Conservative,0.3402081915,0.03614164802,0.09397801343,0.1318221617,0.1243798035,0.2359665337,0.007782858255,0,0,0.02972078996,20558
E14000887,Putney,Conservative,0.1408227278,0.07585535566,0.0324115802,0.131953708,0.1357753182,0.4232974006,0.04571510978,0,0,0.01413274687,27737
E14000888,Rayleigh and Wickford,Conservative,0.5462509012,0.03172314348,0.09985580389,0.08734679164,0.04751261716,0.1319033886,0.01149963951,0,0,0.04390771449,27740
E14000889,Reading East,Labour,0.2167233306,0.0480146257,0.07623965617,0.1851305408,0.1320161652,0.3139713901,0.01189941626,0,0,0.01600487523,31178
E14000890,Reading West,Conservative,0.3273498695,0.04410084856,0.09362761097,0.1309970627,0.1536390339,0.2234415796,0.00518113577,0,0,0.02166285901,24512
E14000891,Redcar,Labour,0.5057961851,0.03672673622,0.06744651702,0.04795025819,0.1600800927,0.1038044051,0,0,0,0.07824849826,18978
E14000892,Redditch,Conservative,0.4230127319,0.04177197082,0.1200705736,0.09045825187,0.1130608936,0.1534023175,0,0,0,0.0581755758,20971
E14000893,Reigate,Conservative,0.3314066133,0.04775897701,0.1135042625,0.1445040041,0.05344226298,0.282000775,0.007459312839,0,0,0.0199237923,30968
E14000894,Ribble Valley,Conservative,0.4103086779,0.02704571928,0.1221607455,0.1088744904,0.09336779266,0.1760337798,0.02533488643,0,0,0.03680110658,27472
E14000895,Richmond (Yorks),Conservative,0.377095946,0.03267932423,0.1367079781,0.1226029351,0.04732321151,0.1913214365,0.05749786047,0,0,0.03477130812,31549
E14000896,Richmond Park,Conservative,0.134319717,0.04678889246,0.08101211536,0.09908866731,0.04700332368,0.5608019728,0.02034952289,0,0,0.01063578857,46635
E14000897,Rochdale,Labour,0.2659917541,0.01681838592,0.0475568437,0.07613177124,0.3974364208,0.1034004164,0.05025105115,0,0,0.04237253541,24497
E14000898,Rochester and Strood,Conservative,0.4299768135,0.0294468367,0.1032792315,0.08386883074,0.194468367,0.1222590262,0.006127856906,0,0,0.03057303743,30190
E14000899,Rochford and Southend East,Conservative,0.4170999915,0.03196658426,0.08665075441,0.1292728668,0.1143551274,0.171085159,0.009675219504,0,0,0.03989429716,23462
E14000900,Romford,Conservative,0.4534582346,0.03239780806,0.09641587678,0.07927280806,0.126666173,0.1253332346,0.03473045024,0,0,0.05165136256,27008
E14000901,Romsey and Southampton North,Conservative,0.3096407427,0.03939047363,0.1145384822,0.1416509688,0.03915500538,0.3257871367,0.01015877287,0,0,0.01964477933,29728
E14000902,Rossendale and Darwen,Conservative,0.3798919543,0.02635160213,0.09295228669,0.1158398284,0.1629757928,0.1365417131,0.04354818755,0,0,0.04193987381,24249
E14000903,Rother Valley,Labour,0.4580371617,0.02519017334,0.06102174003,0.09265494451,0.130107661,0.107536268,0.06576048551,0,0,0.05973313381,24057
E14000904,Rotherham,Labour,0.3800640192,0.01925577673,0.03981194358,0.0821746524,0.27813344,0.07167150145,0.06747024107,0,0,0.06141842553,19994
E14000905,Rugby,Conservative,0.4025611675,0.0356989555,0.1293461153,0.0989769638,0.1044856203,0.1846115324,0,0,0,0.04428387466,27956
E14000906,"Ruislip, Northwood and Pinner",Conservative,0.272296544,0.05065496098,0.1810200669,0.07361343367,0.0924958194,0.2813545151,0.02518812709,0,0,0.02334169454,28704
E14000907,Runnymede and Weybridge,Conservative,0.3397096923,0.05071512226,0.1202754019,0.1162295489,0.05618057281,0.2855875359,0.008978954466,0,0,0.02228768144,28177
E14000908,Rushcliffe,Conservative,0.2634454905,0.04757520862,0.1317672913,0.1578118968,0.08457814867,0.2799869332,0.008077688356,0,0,0.02672764529,33673
E14000909,Rutland and Melton,Conservative,0.3837239754,0.03649993453,0.1389288988,0.1281916983,0.04648422155,0.2180502815,0.009722404085,0,0,0.0384313212,30548
E14000910,Saffron Walden,Conservative,0.3863434032,0.03825152828,0.1102439314,0.118315627,0.03199002908,0.2848833759,0.007092409045,0,0,0.02285002077,33698
E14000911,Salford and Eccles,Labour,0.2634244373,0.02946141479,0.05643086817,0.1844453376,0.2395498392,0.1297025723,0.05446141479,0,0,0.04252411576,24880
E14000912,Salisbury,Conservative,0.3286531632,0.03327633829,0.07128764961,0.191634881,0.03659739576,0.2996843351,0.009371300802,0,0,0.02952781797,30412
E14000913,Scarborough and Whitby,Conservative,0.420987271,0.0273983235,0.08495032599,0.1156473145,0.1019093449,0.1449860292,0.05603849736,0,0,0.04808289351,25768
E14000914,Scunthorpe,Labour,0.4462535806,0.02336800844,0.110910096,0.07678777828,0.172119202,0.08774310267,0.02341826222,0,0,0.05939996985,19899
E14000915,Sedgefield,Labour,0.4486725181,0.04443111814,0.07888567846,0.06869105381,0.1401624598,0.1567355394,0,0,0,0.06247614894,18343
E14000916,Sefton Central,Labour,0.310366511,0.03117139777,0.0623877111,0.1274703557,0.1726104923,0.2472601509,0.0223230327,0,0,0.02641034854,22264
E14000917,Selby and Ainsty,Conservative,0.3884250942,0.03078657226,0.1078234527,0.1029976399,0.074852936,0.1835217866,0.07245764204,0,0,0.03913487618,28389
E14000918,Sevenoaks,Conservative,0.3870084785,0.04673209159,0.130082115,0.1114560385,0.04125776087,0.259696909,0.006075171907,0,0,0.01769143468,29958
E14000919,Sheffield Central,Labour,0.1319251202,0.01302807994,0.01178851505,0.4387553757,0.1507462687,0.1868960283,0.03523905894,0,0,0.03162155325,39530
E14000920,Sheffield South East,Labour,0.4605574185,0.01742619977,0.05678632291,0.08878016602,0.2291792645,0.08597658183,0.005002473751,0,0,0.05629157276,18191
E14000921,"Sheffield, Brightside and Hillsborough",Labour,0.314708342,0.01573280368,0.02691825214,0.125810161,0.3788939996,0.0893790508,0.004390549864,0,0,0.04411457244,19132
E14000922,"Sheffield, Hallam",Labour,0.2180618758,0.02171456495,0.04232965825,0.2500992579,0.04458968329,0.3225116819,0.07268729194,0,0,0.02797544513,32743
E14000923,"Sheffield, Heeley",Labour,0.3551307338,0.02007788398,0.03889141759,0.2060385374,0.194507662,0.1398371517,0.004298791281,0,0,0.04121782228,19773
E14000924,Sherwood,Conservative,0.4504396001,0.03898189409,0.0967120318,0.09321931832,0.09968284556,0.1441647597,0.01589786824,0,0,0.06086153599,24909
E14000925,Shipley,Conservative,0.3498479473,0.02496198682,0.08261530664,0.1643436391,0.08400912316,0.2219547221,0.03775975672,0,0,0.03450751816,23676
E14000926,Shrewsbury and Atcham,Conservative,0.3306931838,0.03338729259,0.1917962652,0.1441290397,0.0589408568,0.2074926288,0,0,0,0.03356073308,34594
E14000927,Sittingbourne and Sheppey,Conservative,0.5312373,0.03199467987,0.08334872723,0.08929692984,0.07536852994,0.1402076329,0.009051612665,0,0,0.03945764215,27067
E14000928,Skipton and Ripon,Conservative,0.3522196078,0.03005490196,0.1230745098,0.1419607843,0.05198431373,0.2123607843,0.05405490196,0,0,0.03435294118,31875
E14000929,Sleaford and North Hykeham,Conservative,0.4641199684,0.03513812155,0.1201262826,0.08135753749,0.0500394633,0.1617679558,0.0416101026,0,0,0.04577742699,31675
E14000930,Slough,Labour,0.249117699,0.0342332804,0.08973001588,0.06449620611,0.3818598906,0.1439915299,0.01341097582,0,0,0.02316040233,22668
E14000931,Solihull,Conservative,0.400503685,0.03588755972,0.1480685901,0.1191437354,0.05077589719,0.2087330099,0,0,0,0.03685048702,27001
E14000932,Somerton and Frome,Conservative,0.3644908939,0.02584954083,0.04696824464,0.1967780835,0.03571318141,0.292260598,0.008472217928,0,0,0.02946723973,32341
E14000933,South Basildon and East Thurrock,Conservative,0.5427394439,0.02910491201,0.08140420006,0.0768817445,0.1042403618,0.09586710249,0.01208973268,0,0,0.05767250257,22333
E14000934,South Cambridgeshire,Conservative,0.22540203,0.06779661017,0.07821202112,0.1541095065,0.04513344745,0.4055741736,0.006196205126,0,0,0.01757600598,41477
E14000935,South Derbyshire,Conservative,0.4051661116,0.04516286248,0.1264722606,0.09414344895,0.1019007392,0.1612785314,0.007797904313,0,0,0.0580781415,24622
E14000936,South Dorset,Conservative,0.4341113542,0.02629872761,0.04708647378,0.1610341195,0.06771213226,0.2141178378,0.007942296783,0,0,0.04169705811,24678
E14000937,South East Cambridgeshire,Conservative,0.291979433,0.05501938464,0.1026973521,0.1455910253,0.05103247271,0.3248920784,0.005774148313,0,0,0.02301410542,36369
E14000938,South East Cornwall,Conservative,0.4220985131,0.02579099429,0.08375026425,0.1704601508,0.05658515961,0.1996688042,0.008315129307,0,0,0.03333098443,28382
E14000939,South Holland and The Deepings,Conservative,0.5345514268,0.03034284541,0.1332375282,0.06980086225,0.04693081503,0.1045781154,0.01264627387,0,0,0.06795319236,24355
E14000940,South Leicestershire,Conservative,0.4050779833,0.03525571273,0.128726877,0.1072542619,0.09749727965,0.175262967,0.007580703663,0,0,0.04338048604,27570
E14000941,South Norfolk,Conservative,0.3479430988,0.03594771242,0.1046392413,0.1725297962,0.05815071126,0.241317442,0.009034986544,0,0,0.03046905037,31212
E14000942,South Northamptonshire,Conservative,0.35633715,0.04863394173,0.1399217776,0.1246740732,0.06229452443,0.2268166875,0.008247364244,0,0,0.03307448135,35284
E14000943,South Ribble,Conservative,0.387761194,0.03104477612,0.1054477612,0.1085074627,0.1330223881,0.171380597,0.02694029851,0,0,0.03585820896,26800
E14000944,South Shields,Labour,0.4076595745,0.03864831039,0.04946182728,0.1047809762,0.2428035044,0.0896620776,0,0,0,0.06698372966,19975
E14000945,South Staffordshire,Conservative,0.5022561326,0.03675445073,0.1332759045,0.08454344081,0.06427926819,0.1227336123,0,0,0,0.05615719091,24378
E14000946,South Suffolk,Conservative,0.4125687848,0.03277137149,0.09898005678,0.1646279485,0.04822824296,0.2035329992,0.007710910939,0,0,0.03161473485,28531
E14000947,South Swindon,Conservative,0.3172574085,0.03927948867,0.09858609336,0.1350765059,0.1705984893,0.1952353283,0.009258183227,0,0,0.03463102847,25815
E14000948,South Thanet,Conservative,0.467495438,0.03345498783,0.08755322384,0.1257983577,0.0811283455,0.1641955596,0.006196776156,0,0,0.0341392944,26304
E14000949,South West Bedfordshire,Conservative,0.3804509048,0.04568377336,0.1140611095,0.1218110353,0.1014164936,0.183810442,0.008862355384,0,0,0.04390388609,26968
E14000950,South West Devon,Conservative,0.4499506903,0.03296703297,0.1157016061,0.1271837137,0.06128486898,0.1717737391,0.005529726684,0,0,0.03553817977,28392
E14000951,South West Hertfordshire,Conservative,0.2794277229,0.0355531441,0.1046604603,0.1321320464,0.05440059398,0.3675823862,0.005025986635,0,0,0.02121765949,35018
E14000952,South West Norfolk,Conservative,0.4842645382,0.03428354238,0.1255036108,0.1009882174,0.06377803117,0.1283922463,0.01121246674,0,0,0.05153933865,26310
E14000953,South West Surrey,Conservative,0.2791985008,0.05154966124,0.1302868675,0.1428859738,0.02563067608,0.3472682716,0.008851088367,0,0,0.01438662246,34685
E14000954,South West Wiltshire,Conservative,0.4021820249,0.03123778386,0.06812608835,0.1640072497,0.06275987064,0.221045524,0.01126550339,0,0,0.03934041721,28139
E14000955,"Southampton, Itchen",Conservative,0.4156937279,0.03742420129,0.07919268712,0.1085166078,0.1509186352,0.1708299394,0.006380667934,0,0,0.03104353335,22098
E14000956,"Southampton, Test",Labour,0.2792287245,0.03911227374,0.08185308637,0.1597822877,0.1782203283,0.2322264883,0.005569385258,0,0,0.02404961816,23701
E14000957,Southend West,Conservative,0.4373076923,0.03598290598,0.09235042735,0.1165811966,0.07730769231,0.1958974359,0.009145299145,0,0,0.03538461538,23400
E14000958,Southport,Conservative,0.3034671856,0.02688837785,0.06792853352,0.1214841677,0.2213426499,0.2061737131,0.02450026535,0,0,0.02821510702,22612
E14000959,Spelthorne,Conservative,0.4042133472,0.03848587487,0.1063758514,0.1057803253,0.08512301336,0.2200841181,0.008337365541,0,0,0.03160010422,26867
E14000960,St Albans,Conservative,0.221345606,0.04661720046,0.09182555336,0.1280172819,0.06981622366,0.4214332676,0.005291005291,0,0,0.01568516953,31941
E14000961,St Austell and Newquay,Conservative,0.4926500752,0.02406673048,0.0819773007,0.1327430603,0.06584165185,0.1475796527,0.008956652537,0,0,0.04618487625,29252
E14000962,St Helens North,Labour,0.3597681719,0.03173146583,0.04414392659,0.1404491669,0.2126056508,0.1251388553,0.04588263704,0,0,0.04028012557,20705
E14000963,St Helens South and Whiston,Labour,0.3314857858,0.02883068121,0.04393885214,0.1423654568,0.250670481,0.1256928303,0.03960307527,0,0,0.03745753621,22372
E14000964,St Ives,Conservative,0.3891533775,0.02486932783,0.08805806172,0.2068781836,0.04973865566,0.2029829876,0.007291007757,0,0,0.03102839831,30037
E14000965,Stafford,Conservative,0.4113616445,0.04433909649,0.1121424588,0.1142140069,0.09807983428,0.1662417337,0,0,0,0.05366106286,25102
E14000966,Staffordshire Moorlands,Conservative,0.4705024784,0.03805034503,0.1108951307,0.09665662358,0.08382738847,0.1465156964,0,0,0,0.05360093304,20578
E14000967,Stalybridge and Hyde,Labour,0.3438668026,0.02839667977,0.06145332751,0.1447017135,0.2073685743,0.1237318577,0.04266783166,0,0,0.04776467162,20601
E14000968,Stevenage,Conservative,0.3470175439,0.03883040936,0.1082261209,0.1117738791,0.1576608187,0.1950877193,0.008888888889,0,0,0.03255360624,25650
E14000969,Stockport,Labour,0.2440351991,0.03188787082,0.04957815477,0.1542229883,0.2104236596,0.2561915994,0.02431280051,0,0,0.02934772748,22046
E14000970,Stockton North,Labour,0.4428929122,0.03394645609,0.08060477658,0.05652927581,0.2126829738,0.1050173344,0,0,0,0.06832627119,20768
E14000971,Stockton South,Labour,0.4243112513,0.04584647739,0.1025867508,0.0701997897,0.1287066246,0.1729547844,0,0,0,0.05539432177,23775
E14000972,Stoke-on-Trent Central,Labour,0.4046599169,0.03498182762,0.07191069574,0.09592419522,0.2189771547,0.1066978193,0,0,0,0.06684839045,15408
E14000973,Stoke-on-Trent North,Labour,0.4820642606,0.0321852993,0.08120598592,0.05215669014,0.2004841549,0.07383362676,0,0,0,0.07806998239,18176
E14000974,Stoke-on-Trent South,Conservative,0.4937079492,0.03912285074,0.08055071019,0.05426115126,0.1703214553,0.09213805133,0,0,0,0.06996012958,16052
E14000975,Stone,Conservative,0.4266724399,0.04550768565,0.1168651223,0.1079021433,0.0708811431,0.183632821,0,0,0,0.04853864473,23095
E14000976,Stourbridge,Conservative,0.4527726996,0.02812543946,0.101439085,0.09136080251,0.1276894951,0.1418459663,0,0,0,0.05671963624,21333
E14000977,Stratford-on-Avon,Conservative,0.3428463309,0.04244583898,0.1364510738,0.1278105389,0.03840938476,0.276434045,0,0,0,0.03557125288,31711
E14000978,Streatham,Labour,0.09245125606,0.08265611964,0.04298118221,0.1915459012,0.2142879214,0.3379167568,0.0287365201,0,0,0.009424342613,32363
E14000979,Stretford and Urmston,Labour,0.2403016839,0.02520255386,0.07501026771,0.1438599111,0.3261023784,0.1343389463,0.02449314864,0,0,0.03069111003,26783
E14000980,Stroud,Labour,0.2922803857,0.02789551764,0.08524954965,0.2839885557,0.07102363039,0.2091501537,0.006808307725,0,0,0.02360389954,37748
E14000981,Suffolk Coastal,Conservative,0.3431560072,0.02955768081,0.1095636581,0.18559474,0.0494321578,0.2489240885,0.008069336521,0,0,0.02567244471,33460
E14000982,Sunderland Central,Labour,0.3489502492,0.03741524385,0.05971734335,0.113511968,0.2231026877,0.1399395474,0,0,0,0.07736296054,24482
E14000983,Surrey Heath,Conservative,0.394645329,0.04294540666,0.125831392,0.1073635167,0.0477733887,0.2536885108,0.008845673385,0,0,0.01897430703,29619
E14000984,Sutton and Cheam,Conservative,0.2937170328,0.03688989784,0.09217466782,0.07791947653,0.08836883221,0.3499699539,0.03181545036,0,0,0.02914468852,29954
E14000985,Sutton Coldfield,Conservative,0.3410646861,0.04269532385,0.1277540351,0.113937181,0.07136633335,0.2736400979,0,0,0,0.02954234264,24101
E14000986,Tamworth,Conservative,0.4517834699,0.03228882243,0.1267715512,0.07402591774,0.1223941403,0.128678542,0,0,0,0.06410089715,23073
E14000987,Tatton,Conservative,0.2961062828,0.03778858302,0.119376699,0.1351889429,0.07955894177,0.2906696275,0.01692254681,0,0,0.02442666258,26119
E14000988,Taunton Deane,Conservative,0.3858554197,0.02832274496,0.1008088215,0.1430690437,0.04189639249,0.2597464387,0.009235677703,0,0,0.03106546136,35731
E14000989,Telford,Conservative,0.4153656337,0.03582783657,0.1015042946,0.07939068951,0.1895316281,0.1162150619,0,0,0,0.0621648555,21073
E14000990,Tewkesbury,Conservative,0.37876628,0.03239810795,0.1105423443,0.1381455323,0.04017365386,0.2591524655,0.008617896715,0,0,0.0322037193,30866
E14000991,The Cotswolds,Conservative,0.3342536719,0.03059888421,0.12137083,0.1605374018,0.02940339292,0.2933507913,0.006945235113,0,0,0.02353979278,35132
E14000992,The Wrekin,Conservative,0.4173815875,0.03608247423,0.1675798428,0.08041958042,0.1062288227,0.1461682647,0,0,0,0.04617547401,27742
E14000993,Thirsk and Malton,Conservative,0.3954649126,0.02928635177,0.129540872,0.1210127921,0.04935047764,0.1757842197,0.06158066969,0,0,0.03797970449,30253
E14000994,Thornbury and Yate,Conservative,0.3626308746,0.0290876171,0.104030544,0.1423679446,0.05884436747,0.2702904826,0.003581831064,0,0,0.02920569944,25406
E14000995,Thurrock,Conservative,0.4733492782,0.03361236867,0.07525412147,0.07008627317,0.1838643547,0.09080037584,0.0180234048,0,0,0.05505253267,23414
E14000996,Tiverton and Honiton,Conservative,0.4541654225,0.03155170698,0.09515278192,0.1539431339,0.04110679805,0.1705650111,0.01340366942,0,0,0.04014465346,30141
E14000997,Tonbridge and Malling,Conservative,0.3935282854,0.04323131349,0.1143422804,0.1373859985,0.03719450845,0.2499432021,0.005874525332,0,0,0.01846743046,30811
E14000998,Tooting,Labour,0.1243604576,0.05795089343,0.1938295411,0.1412006685,0.1637228436,0.2857693791,0.02347345417,0,0,0.009692762566,38895
E14000999,Torbay,Conservative,0.5060117967,0.02737447066,0.07459921355,0.105376588,0.04764065336,0.1925665457,0.008129159105,0,0,0.0383015729,26448
E14001000,Torridge and West Devon,Conservative,0.4471561592,0.02585849001,0.08160844553,0.1668347073,0.03941047387,0.19124014,0.01109068264,0,0,0.03683055572,33722
E14001001,Totnes,Conservative,0.4073085266,0.02866677791,0.08279659603,0.1890205239,0.03457366928,0.2230936092,0.007208409811,0,0,0.02729851493,29965
E14001002,Tottenham,Labour,0.09487004622,0.03868303402,0.03057513071,0.0954383572,0.4939001288,0.1884519209,0.04250966129,0,0,0.01557172085,26394
E14001003,Truro and Falmouth,Conservative,0.2948509164,0.02371717052,0.06197258165,0.2468243863,0.05649483315,0.2870044118,0.005566576851,0,0,0.02353951381,33773
E14001004,Tunbridge Wells,Conservative,0.3277672233,0.05236143052,0.08055861081,0.1422191114,0.04759524048,0.3237009632,0.006566010066,0,0,0.01919808019,30003
E14001005,Twickenham,Lib Dem,0.1846323671,0.04533019773,0.07623824151,0.1098819351,0.05104146669,0.4922009983,0.02666058744,0,0,0.01403820311,41672
E14001006,Tynemouth,Labour,0.3152592379,0.04670240708,0.08027201094,0.102291944,0.1681718418,0.242615047,0,0,0,0.04465153096,27793
E14001007,Uxbridge and South Ruislip,Conservative,0.2954682779,0.03842189444,0.1197085481,0.1064865825,0.1620046206,0.1732361827,0.06586102719,0,0,0.03884840945,28135
E14001008,Vauxhall,Labour,0.06802327264,0.0857382696,0.03311430804,0.2291371176,0.2276898139,0.3194778128,0.02935131849,0,0,0.007497033027,34547
E14001009,Wakefield,Labour,0.4051168697,0.02205709448,0.05714151343,0.09123830127,0.20721441,0.1025255138,0.06466632178,0,0,0.04999294549,21263
E14001010,Wallasey,Labour,0.3164949908,0.02441089318,0.06688302526,0.1509806688,0.2711067212,0.1062508819,0.02822068576,0,0,0.03569916749,21261
E14001011,Walsall North,Conservative,0.4490956072,0.02469135802,0.08343382142,0.05569910996,0.2283089291,0.07424633936,0,0,0,0.08458225668,17415
E14001012,Walsall South,Labour,0.3283519699,0.02617828404,0.1014735082,0.05685024558,0.3263141394,0.1045041279,0,0,0,0.05637997701,19138
E14001013,Walthamstow,Labour,0.1116082101,0.04607083091,0.03999180356,0.1809705953,0.3536764455,0.2223284724,0.03080495885,0,0,0.01458283529,29281
E14001014,Wansbeck,Labour,0.3938845303,0.03776906055,0.07775095554,0.07357674512,0.188644136,0.1768758801,0,0,0,0.05149869242,19884
E14001015,Wantage,Conservative,0.3154314819,0.04677476548,0.05225492408,0.134296122,0.05028851423,0.3715869895,0.008059056768,0,0,0.02130814609,31021
E14001016,Warley,Labour,0.2857817171,0.02260449992,0.05076834321,0.07342528977,0.4430167305,0.07861750669,0,0,0,0.0457334662,19067
E14001017,Warrington North,Labour,0.3356362468,0.02916131105,0.0739877892,0.1133515424,0.2121625964,0.1565311697,0.03554787918,0,0,0.0436214653,24896
E14001018,Warrington South,Labour,0.3060077519,0.0357881137,0.09018087855,0.1229651163,0.1373385013,0.2446705426,0.02994186047,0,0,0.03310723514,30960
E14001019,Warwick and Leamington,Labour,0.2490211433,0.04341016649,0.1008137278,0.1917878179,0.1211398999,0.2666916346,0,0,0,0.02716965714,29371
E14001020,Washington and Sunderland West,Labour,0.4071410983,0.03570549126,0.07032750554,0.06077320857,0.2261511943,0.1035705491,0,0,0,0.09628170401,20305
E14001021,Watford,Conservative,0.3016353934,0.03146841109,0.07939404373,0.09598898261,0.1406782579,0.3191254949,0.005439834739,0,0,0.02626958168,29045
E14001022,Waveney,Conservative,0.4755645034,0.02696194537,0.1068608874,0.1216248224,0.1044133902,0.1094268119,0.01140849518,0,0,0.04377861993,25332
E14001023,Wealden,Conservative,0.3939239596,0.04326332504,0.1132816011,0.1533990472,0.0348443539,0.2349222519,0.006501483057,0,0,0.01986397819,33377
E14001024,Weaver Vale,Labour,0.3253683241,0.03245856354,0.08365561694,0.1287753223,0.1642725599,0.2121086556,0.022053407,0,0,0.03130755064,21720
E14001025,Wellingborough,Conservative,0.405951579,0.03649403653,0.08955105599,0.1030233387,0.1391211317,0.1568728454,0.009549471015,0,0,0.05943654159,25237
E14001026,Wells,Conservative,0.3734088879,0.0217172845,0.1131643591,0.1777020992,0.03408329611,0.2431051809,0.007229790085,0,0,0.02958910228,35824
E14001027,Welwyn Hatfield,Conservative,0.3273859681,0.03520791354,0.1115222568,0.1066495695,0.1022165232,0.2826891372,0.007217439091,0,0,0.02711119253,27295
E14001028,Wentworth and Dearne,Labour,0.4662789149,0.02202193314,0.04630821827,0.08204946055,0.1570838698,0.07592239045,0.08120587844,0,0,0.0690849354,22523
E14001029,West Bromwich East,Labour,0.3782758212,0.0234791889,0.06966678525,0.05905371754,0.3382544765,0.07162338432,0,0,0,0.05970591723,16866
E14001030,West Bromwich West,Labour,0.3982484171,0.02183561157,0.05657139476,0.06515178413,0.3270607728,0.06402745725,0,0,0,0.0671045624,16899
E14001031,West Dorset,Conservative,0.3543439287,0.02398907259,0.08161406904,0.1928801116,0.02655018355,0.285592328,0.006232036652,0,0,0.02879826983,35141
E14001032,West Ham,Labour,0.1351745107,0.04136314689,0.06986761259,0.08674859061,0.4419142332,0.1583581428,0.04411857858,0,0,0.02242351302,31574
E14001033,West Lancashire,Labour,0.3362910025,0.0301120167,0.08483558839,0.127353756,0.200746778,0.1554984542,0.02854619183,0,0,0.03665636167,24907
E14001034,West Suffolk,Conservative,0.4195922122,0.04480300475,0.1097271194,0.1160508968,0.07358577342,0.1784838265,0.01659512494,0,0,0.04116204201,26092
E14001035,West Worcestershire,Conservative,0.3671447443,0.04312134365,0.1183556646,0.1443983141,0.03840347235,0.2491036045,0,0,0,0.03944140404,31794
E14001036,Westminster North,Labour,0.1602847885,0.06485327005,0.1026881475,0.08799233262,0.2576787915,0.299666834,0.01159235087,0,0,0.01519784583,21911
E14001037,Westmorland and Lonsdale,Lib Dem,0.294465484,0.01783934622,0.09487741678,0.1401900206,0.04777091223,0.3649259185,0.01451730782,0,0,0.02541359378,30102
E14001038,Weston-Super-Mare,Conservative,0.4314047852,0.03144676088,0.08503567931,0.1618511263,0.06656639149,0.1734643907,0.01199804114,0,0,0.03819784525,28588
E14001039,Wigan,Labour,0.3702163848,0.03033166399,0.04648965322,0.1097042427,0.2199281867,0.1219880941,0.05008031749,0,0,0.05130870264,21166
E14001040,Wimbledon,Conservative,0.133108987,0.0700186641,0.08116056784,0.1242859567,0.1163112946,0.435919914,0.02700639104,0,0,0.01218822465,35362
E14001041,Winchester,Conservative,0.2781761637,0.03492944714,0.1237823528,0.115737528,0.02243812167,0.406970468,0.005166165472,0,0,0.01279975326,38907
E14001042,Windsor,Conservative,0.3400045634,0.04895857101,0.1530036833,0.1036865608,0.04710062258,0.2837771766,0.007822940774,0,0,0.01564588155,30679
E14001043,Wirral South,Labour,0.282199848,0.02996770517,0.08638867781,0.1764342705,0.1160239362,0.2590710486,0.02403115502,0,0,0.02588335866,21056
E14001044,Wirral West,Labour,0.2892035398,0.03206068268,0.08945638432,0.187863464,0.115954488,0.2331731985,0.02609355247,0,0,0.02619469027,19775
E14001045,Witham,Conservative,0.4597094863,0.0329870973,0.1268359977,0.1116205469,0.05096161649,0.1741864806,0.008033758013,0,0,0.03570559117,24646
E14001046,Witney,Conservative,0.3125297619,0.04032738095,0.1096130952,0.1423214286,0.05392857143,0.3155952381,0.006696428571,0,0,0.01898809524,33600
E14001047,Woking,Conservative,0.2900185733,0.0500103185,0.1140881888,0.1049047259,0.060879136,0.3536837037,0.007945243173,0,0,0.01847011075,29074
E14001048,Wokingham,Conservative,0.2918279635,0.05309842412,0.1427134453,0.1117749261,0.04834334136,0.3305696955,0.006675404639,0,0,0.01496631816,32807
E14001049,Wolverhampton North East,Labour,0.4246451223,0.02234974328,0.07804288735,0.06282090003,0.2648142555,0.07478103292,0,0,0,0.07248565388,16555
E14001050,Wolverhampton South East,Labour,0.3821435205,0.01981301467,0.07758033558,0.0477988979,0.3422079128,0.06185375519,0,0,0,0.06847873197,16151
E14001051,Wolverhampton South West,Labour,0.3342518016,0.03189910979,0.1129715981,0.0983467571,0.2201674438,0.1610852056,0,0,0,0.04127808393,18872
E14001052,Worcester,Conservative,0.329200614,0.03829653245,0.09753217617,0.1689691817,0.1223678514,0.1975046247,0,0,0,0.04612901956,25407
E14001053,Workington,Labour,0.4145845594,0.03889572522,0.09453747793,0.09624953186,0.1495372104,0.1266919908,0.03547161736,0,0,0.044031887,18691
E14001054,Worsley and Eccles South,Labour,0.363294548,0.02880951171,0.08612367258,0.08205883847,0.2113713734,0.1307860373,0.04552614196,0,0,0.05208068696,19681
E14001055,Worthing West,Conservative,0.4061895551,0.03730780579,0.1009736747,0.1360194079,0.07064878864,0.2174212373,0.007114054355,0,0,0.02432547618,30503
E14001056,Wycombe,Conservative,0.2987371325,0.04393505253,0.1173723867,0.1328310163,0.148218897,0.2318440695,0.007782376455,0,0,0.01924369451,28269
E14001057,Wyre and Preston North,Conservative,0.3840552728,0.02999462165,0.1366099872,0.1059947871,0.08497786604,0.1980472467,0.02147201192,0,0,0.03884820653,24171
E14001058,Wyre Forest,Conservative,0.4599328804,0.04473274945,0.1015797659,0.1072685602,0.07591880167,0.1523287223,0,0,0,0.05823852009,24434
E14001059,Wythenshawe and Sale East,Labour,0.2447218741,0.03060831004,0.07119444712,0.1427263087,0.2673768437,0.201099007,0.01214691989,0,0,0.03017449147,20746
E14001060,Yeovil,Conservative,0.4451788139,0.0227553946,0.1131432021,0.1161007998,0.03503847895,0.2221518032,0.009204768372,0,0,0.0364267391,33135
E14001061,York Central,Labour,0.2219295123,0.02741189035,0.0419010324,0.2613385546,0.1482022072,0.2604129583,0.01491634033,0,0,0.02388750445,28090
E14001062,York Outer,Conservative,0.3107481416,0.02448339358,0.07433676601,0.1391938894,0.07085862375,0.3077473914,0.04640932961,0,0,0.02622246471,29326
S14000001,Aberdeen North,SNP,0.2205643739,0.02278659612,0.1920987654,0.0619047619,0.103633157,0.08659611993,0.004373897707,0,0.2878306878,0.02024691358,28350
S14000002,Aberdeen South,Conservative,0.09979201155,0.02440680844,0.07491829025,0.08230400272,0.06621673246,0.2645698035,0.005178488051,0,0.3685215841,0.01404983234,23559
S14000003,Airdrie and Shotts,SNP,0.1291039362,0.01564483947,0.1275167785,0.04548340287,0.1496462906,0.05564121168,0.00403591511,0,0.4522492291,0.02063304916,22052
S14000004,Angus,Conservative,0.189106204,0.01753943218,0.1894006309,0.06683491062,0.05577287066,0.08029442692,0.00752891693,0,0.3731650894,0.02039957939,23775
S14000005,Argyll and Bute,SNP,0.1785187854,0.01654164892,0.1305316257,0.0738641947,0.03920862131,0.1644010613,0.006027056242,0,0.3723017459,0.01860526057,30529
S14000006,"Ayr, Carrick and Cumnock",Conservative,0.1781042758,0.0191624226,0.1836734694,0.0573773495,0.101930898,0.09790056058,0.00593558788,0,0.3337852197,0.02213021654,27293
S14000007,Banff and Buchan,Conservative,0.2362958303,0.01851186197,0.1449946082,0.07238497484,0.05868080518,0.09898454349,0.006200575126,0,0.3323598131,0.03158698778,22256
S14000008,"Berwickshire, Roxburgh and Selkirk",Conservative,0.1993161191,0.01837530359,0.2142081043,0.07781541608,0.03125399463,0.14655503,0.01108909625,0,0.2829477183,0.01840726064,31292
S14000009,"Caithness, Sutherland and Easter Ross",Lib Dem,0.2297828222,0.0150060024,0.1319982538,0.06340718105,0.03028484121,0.1277965732,0.005838699116,0,0.3698570337,0.02613772782,18326
S14000010,Central Ayrshire,SNP,0.1758165393,0.02023464007,0.1755712709,0.05469484528,0.08363651228,0.07439807056,0.006785758084,0,0.3874013817,0.02150185995,24463
S14000011,"Coatbridge, Chryston and Bellshill",Labour,0.1563208617,0.01941609977,0.06415343915,0.04747732426,0.1396447468,0.07449924414,0.005054799698,0,0.4698129252,0.02362055933,21168
S14000012,"Cumbernauld, Kilsyth and Kirkintilloch East",SNP,0.1344118234,0.01697623327,0.05891751548,0.06842420611,0.2043539045,0.0859197124,0.00419412822,0,0.4086279209,0.01817455562,25035
S14000013,Dumfries and Galloway,Conservative,0.2068710003,0.01956887841,0.1868305827,0.07679353318,0.08366453351,0.1040417649,0.006534186595,0,0.2907376221,0.02495789828,29690
S14000014,"Dumfriesshire, Clydesdale and Tweeddale",Conservative,0.2116453336,0.02047255387,0.2318310566,0.05776056793,0.03764655265,0.1530242731,0.006991502635,0,0.2561041196,0.02455989387,27891
S14000015,Dundee East,SNP,0.06923513738,0.01493906434,0.04665181497,0.07224915913,0.09679814791,0.1446730442,0.006159087931,0,0.5359716944,0.01336653125,22893
S14000016,Dundee West,SNP,0.2254819782,0.0179379715,0.1337384744,0.06123218776,0.08868398994,0.07393126572,0.005238893546,0,0.3743084661,0.01944677284,23860
S14000017,Dunfermline and West Fife,SNP,0.03662433429,0.01790249898,8.19E-05,0.1140106514,0.1841458419,0.1186808685,0.006308889799,0,0.5036460467,0.01859893486,24410
S14000018,East Dunbartonshire,Lib Dem,0.1247174197,0.01907218136,0.1159932499,0.07549272455,0.03944980418,0.2854459197,0.005030725634,0,0.3238450027,0.01092113223,31407
S14000019,"East Kilbride, Strathaven and Lesmahagow",SNP,0.1559918503,0.02255973328,0.04734210039,0.05938136692,0.1195036118,0.1266530839,0.006001111317,0,0.442822745,0.01978144101,26995
S14000020,East Lothian,Labour,0.1333154826,0.02020111865,0.1378971796,0.09208020945,0.1185885993,0.1511067476,0.003956920148,0,0.3270260621,0.01582768059,33612
S14000021,East Renfrewshire,Conservative,0.1187954801,0.02943264509,0.1744660711,0.07572620245,0.08383127256,0.162308466,0.006921848193,0,0.3362125067,0.0123055079,33806
S14000022,Edinburgh East,SNP,0.2446317799,0.01374971281,0.2993301875,0.1458388562,0.03446264779,0.04651573794,0.001802661577,0,0.2039305092,0.009755580298,56583
S14000023,Edinburgh North and Leith,SNP,0.005538020086,0.02074605452,2.87E-05,0.1892682927,0.07050215208,0.2136298422,0.002525107604,0,0.4898421808,0.007919655667,34850
S14000024,Edinburgh South,Labour,0.0424879414,0.02244983029,0.008128386828,0.08479723694,0.04796641458,0.5455249211,0.002590365033,0,0.2360805097,0.0100041684,33586
S14000025,Edinburgh South West,SNP,0.01818862275,0.02193113772,0.0004116766467,0.1558383234,0.1788547904,0.1769835329,0.004603293413,0,0.4296781437,0.01354790419,26720
S14000026,Edinburgh West,Lib Dem,0.01045841071,0.02091682143,0,0.09813312482,0.07105854755,0.3167823282,0.006108884762,0,0.459974587,0.01656729547,20462
S14000027,Na h-Eileanan an Iar,SNP,0.1997563946,0.01583434836,0.07442143727,0.07076735688,0.09914738124,0.07442143727,0.00341047503,0,0.4392204629,0.02302070646,8210
S14000028,Falkirk,SNP,0.201824314,0.02908937605,0.1336041699,0.04219684194,0.005863866319,0.1117583934,0.008125095815,0,0.4427027441,0.02483519853,26092
S14000029,Glasgow Central,SNP,0.06531853148,0.02883596665,0.00225712838,0.3166889309,0.1364871712,0.08434289926,0.002994149892,0,0.3456170252,0.01750426091,21709
S14000030,Glasgow East,SNP,0.005097164702,0.009132420091,0.0002654773282,0.07518317936,0.2049484974,0.03164489753,0.005840501221,0,0.6457470532,0.02224700011,18834
S14000031,Glasgow North,SNP,0.3605873385,0.01901628821,0.2581240472,0.04873091016,0.040038514,0.1006713204,0.001257054214,0,0.1622134852,0.009361042018,37389
S14000032,Glasgow North East,Labour,0.004069231187,0.009874667679,0,0.08838370137,0.2122510987,0.03694861917,0.005045846671,0,0.6222125766,0.02121425859,18431
S14000033,Glasgow North West,SNP,0.003579510389,0.0135363094,0,0.1125694302,0.1599259412,0.1830898992,0.003908660769,0,0.5101830899,0.01324830282,24305
S14000034,Glasgow South,SNP,0.003363287614,0.01749960586,0,0.1310105628,0.1558673603,0.1245992958,0.004466866362,0,0.5484260865,0.01476693468,19029
S14000035,Glasgow South West,SNP,0.004282655246,0.01026577655,0,0.1194105051,0.2737120544,0.04320443381,0.006172061973,0,0.5205945333,0.02229499937,15878
S14000036,Glenrothes,SNP,0.05561179726,0.01795235203,6.75E-05,0.06951474657,0.1610987379,0.1247216036,0.0077613552,0,0.5310116758,0.03226024161,14817
S14000037,Gordon,Conservative,0.1755888651,0.02284082798,0.1786693715,0.05327022052,0.02618430444,0.154213156,0.0058604756,0,0.3628235471,0.0205867989,26619
S14000038,Inverclyde,SNP,0.1455676093,0.01929099905,0.09323226363,0.05156370569,0.1468839363,0.1009940538,0.005764604421,0,0.4192728428,0.01742998502,22031
S14000039,"Inverness, Nairn, Badenoch and Strathspey",SNP,0.1560147686,0.01519791637,0.09070093592,0.1119951916,0.06070580154,0.1599358883,0.004894244254,0,0.3817224305,0.01886144423,34939
S14000040,Kilmarnock and Loudoun,SNP,0.1547273378,0.02000715962,0.1187303608,0.05592458534,0.1246569349,0.08376755101,0.005528817469,0,0.4167694205,0.01996738395,25141
S14000041,Kirkcaldy and Cowdenbeath,Labour,0.04987199685,0.01890508074,9.85E-05,0.06158920835,0.1088026782,0.1616778259,0.006990941315,0,0.5680878299,0.02397597479,20312
S14000042,Lanark and Hamilton East,SNP,0.1312675128,0.01984506346,0.1518707763,0.05551343333,0.09137959453,0.113301467,0.005142574584,0,0.4158562716,0.01582330641,30335
S14000043,Linlithgow and East Falkirk,SNP,0.1232447488,0.02216548683,0.04203899269,0.08419403505,0.1593361959,0.1204595567,0.005947545549,0,0.422972032,0.01967041894,34468
S14000044,Livingston,SNP,0.1307825623,0.02169710705,0.1195507266,0.07419010799,0.1437475003,0.07592321024,0.005665911212,0,0.4034462072,0.02496333822,30004
S14000045,Midlothian,Labour,0.1410909921,0.02267194157,0.09148660986,0.09049756543,0.1240489957,0.1317331102,0.005782105904,0,0.3717665855,0.02092209373,26288
S14000046,Moray,Conservative,0.219239627,0.02208630649,0.1754823121,0.07211084683,0.03616868653,0.101408238,0.007928417714,0,0.3408086986,0.02476686676,26487
S14000047,Motherwell and Wishaw,SNP,0.1345880529,0.01748567983,0.05142340325,0.05788362979,0.1644342995,0.06542056075,0.005383522116,0,0.4842155132,0.01916533873,23219
S14000048,North Ayrshire and Arran,SNP,0.1754157521,0.02038766323,0.1178243238,0.05673574166,0.08854496075,0.09446035939,0.005692176048,0,0.420365341,0.02057368206,26879
S14000049,North East Fife,SNP,0.3084410579,0.01567971107,0.2182606972,0.04395604396,0.02475280231,0.2034838909,0.002928934793,0,0.17053888,0.0119579819,45409
S14000050,Ochil and South Perthshire,Conservative,0.1526797225,0.01722020996,0.1179937381,0.06378537663,0.05414697035,0.1311928295,0.004941985389,0,0.4418319111,0.01617656087,32578
S14000051,Orkney and Shetland,Lib Dem,0.1797522232,0.01193281143,0.06392034658,0.1124876492,0.03868663069,0.3150414228,0.004028273923,0,0.2507410504,0.02340959185,13157
S14000052,Paisley and Renfrewshire North,SNP,0.1395952861,0.02232904326,0.1224996123,0.05035664444,0.08129167313,0.1229648007,0.006473871918,0,0.4361528919,0.01833617615,25796
S14000053,Paisley and Renfrewshire South,SNP,0.1339005822,0.01918196746,0.06646514405,0.08381848037,0.1820794148,0.09284967906,0.006082997462,0,0.3962904911,0.01933124347,26796
S14000054,Perth and North Perthshire,SNP,0.1685933887,0.01752796351,0.2402362057,0.08101605949,0.04186714991,0.1386927451,0.005155283384,0,0.2906642505,0.01627819784,32006
S14000055,"Ross, Skye and Lochaber",SNP,0.1772365973,0.01665821072,0.08409436834,0.08358701167,0.01830711991,0.2319888382,0.005580923389,0,0.3621681042,0.02033654659,23652
S14000056,Rutherglen and Hamilton West,Labour,0.1523648649,0.01773648649,0.06891891892,0.07905405405,0.1790540541,0.08097972973,0.004493243243,0,0.3981418919,0.01929054054,29600
S14000057,Stirling,Conservative,0.1227476745,0.01814870227,0.1510115137,0.09552462109,0.06228452482,0.1510765628,0.003024783712,0,0.3831392701,0.01304234697,30746
S14000058,West Aberdeenshire and Kincardine,Conservative,0.1666554735,0.02162525185,0.1785426461,0.05960376091,0.01621893889,0.2375755541,0.004432505037,0,0.2988582942,0.01648757555,29780
S14000059,West Dunbartonshire,SNP,0.1382075673,0.01778782579,0.06330247835,0.06628844431,0.1598771488,0.07277225611,0.005886618607,0,0.4551465256,0.02073113509,23443
W07000041,Ynys Mn,Labour,0.3300447123,0.01856531882,0.05623055988,0.04573289269,0.09185458787,0.0779062986,0,0.3472006221,0,0.03246500778,20576
W07000042,Delyn,Labour,0.3682685841,0.03429724277,0.07826806684,0.06864621592,0.05498939527,0.1618126326,0,0.1992654286,0,0.03440070353,19331
W07000043,Alyn and Deeside,Labour,0.4783196306,0.04071404437,0.09837819574,0.07050343507,0.07686676428,0.1585764163,0,0.03063408041,0,0.04606374592,17758
W07000044,Wrexham,Labour,0.3167219811,0.03599693643,0.07235128925,0.04962981874,0.1353076334,0.1297421496,0,0.2334439622,0,0.02680622926,19585
W07000045,Llanelli,Labour,0.225529062,0.01553664082,0.03165627004,0.02949921297,0.1150819099,0.04558969277,0,0.5136710779,0,0.02343613362,34306
W07000046,Gower,Labour,0.3870172555,0.04256368118,0.08490824432,0.07493837305,0.1435223227,0.2381813202,0,0.0004930156122,0,0.02837578746,18255
W07000047,Swansea West,Labour,0.2234690951,0.02118887136,0.04370428797,0.07460920694,0.1427649505,0.1477126058,0,0.32005593,0,0.0264233472,27892
W07000048,Swansea East,Labour,0.3987194777,0.03075764233,0.06641139916,0.04469273743,0.3051283661,0.09038980604,0,0.02165589103,0,0.04224468018,15931
W07000049,Aberavon,Labour,0.3103618421,0.03108552632,0.03333333333,0.03859649123,0.2375,0.07083333333,0,0.2354714912,0,0.04287280702,18240
W07000050,Cardiff Central,Labour,0.2292187934,0.03146140302,0.06320081549,0.1691224168,0.1808451487,0.2931609675,0,0,0,0.03299045501,21582
W07000051,Cardiff North,Labour,0.3104119511,0.04486192847,0.1081484835,0.08143956541,0.1149388864,0.2948392938,0,0.018741512,0,0.02661837936,22090
W07000052,Rhondda,Labour,0.4642055375,0.02644050886,0.03550345057,0.04115739586,0.3207782489,0.05795293922,0,0,0,0.05387877276,12027
W07000053,Torfaen,Labour,0.3853518663,0.03314541213,0.05953538103,0.05380054432,0.1958592535,0.105462675,0,0.1231045879,0,0.04374027994,20576
W07000054,Monmouth,Conservative,0.3184556311,0.03744671857,0.1092753725,0.09669919329,0.08176277874,0.2161905097,0,0.1149822102,0,0.02518758587,28387
W07000055,Newport East,Labour,0.3486312399,0.02717391304,0.07055152979,0.05198268921,0.2038043478,0.09812801932,0,0.1637479871,0,0.03603059581,19872
W07000056,Newport West,Labour,0.3901914503,0.0375557304,0.1004458432,0.07442958301,0.1799632835,0.1808549698,0,0.001206399161,0,0.03530028849,19065
W07000057,Arfon,Plaid,0.2793194582,0.02163858606,0.04319458209,0.09274859597,0.1303270565,0.1057978196,0,0.2898083911,0,0.03708292038,12108
W07000058,Aberconwy,Conservative,0.4187861055,0.03593667942,0.1037587216,0.0826018456,0.1167379398,0.1923625178,0,0.01005326731,0,0.03976292295,13329
W07000059,Clwyd West,Conservative,0.2725321157,0.02119467066,0.07288649606,0.04313899206,0.07551027362,0.09568269329,0,0.3930895833,0,0.02599925035,29347
W07000060,Vale of Clwyd,Labour,0.4246566945,0.0291196665,0.1098577734,0.06792545365,0.1954389407,0.1250613046,0,0.001471309465,0,0.04646885728,16312
W07000061,Dwyfor Meirionnydd,Plaid,0.1930396023,0.01075775759,0.03480198869,0.03013029316,0.05070289731,0.04127378707,0,0.6214640837,0,0.01787244985,23332
W07000062,Clwyd South,Labour,0.4469097734,0.04518031908,0.08794744604,0.06656388256,0.1675157528,0.1453277919,0,0,0,0.0406220673,14918
W07000063,Montgomeryshire,Conservative,0.4218363743,0.02183637434,0.1064743967,0.07104178929,0.09329017069,0.2436727487,0,0.000824014126,0,0.04096527369,16990
W07000064,Ceredigion,Plaid,0.2700187774,0.01368662633,0.03738785729,0.06834967661,0.05136657626,0.1633632381,0,0.3717087419,0,0.02411850615,23965
W07000065,Preseli Pembrokeshire,Conservative,0.3389976251,0.02256162476,0.0836131357,0.07218900991,0.1137089509,0.1187044468,0,0.2202112849,0,0.03005486856,24422
W07000066,Carmarthen West and South Pembrokeshire,Conservative,0.4554682213,0.02982666181,0.1080110353,0.07459268128,0.1227942325,0.1328405601,0,0.03492790589,0,0.0415907553,19211
W07000067,Carmarthen East and Dinefwr,Plaid,0.5012520346,0.03643420558,0.07831476149,0.07437085264,0.1386628271,0.1246400401,0,0,0,0.04632527858,15974
W07000068,Brecon and Radnorshire,Conservative,0.3070019373,0.01783102044,0.07942909105,0.06938678686,0.06064919148,0.2344126834,0,0.2041276242,0,0.02720120191,25293
W07000069,Neath,Labour,0.3375078931,0.03857082719,0.04114923174,0.0554093875,0.2338455062,0.1036623869,0,0.1488633972,0,0.04093874974,19004
W07000070,Cynon Valley,Labour,0.438619885,0.03258604884,0.04217018085,0.05617134761,0.2956913076,0.08492374365,0,0.001083423619,0,0.04875406284,11999
W07000071,Merthyr Tydfil and Rhymney,Labour,0.3707793856,0.03516120843,0.03040111703,0.03217821782,0.2717694846,0.07895404925,0,0.1283955319,0,0.05236100533,15756
W07000072,Blaenau Gwent,Labour,0.3947974975,0.03128086928,0.02989792558,0.04254198222,0.2422785644,0.06967402041,0,0.1364504445,0,0.05307869608,15185
W07000073,Bridgend,Labour,0.3211158256,0.0369233547,0.06463844001,0.06138846258,0.1473323102,0.1388913966,0,0.2000993049,0,0.02961090548,22154
W07000074,Ogmore,Labour,0.4178817603,0.03479586426,0.05348621421,0.04825026511,0.2598091198,0.08549840933,0,0.05209437964,0,0.0480514316,15088
W07000075,Pontypridd,Labour,0.2319979624,0.02456063748,0.03129207146,0.04999454208,0.1161809118,0.09034675982,0,0.4319033584,0,0.02368737037,27483
W07000076,Caerphilly,Labour,0.4411833081,0.03626641869,0.04550738115,0.07282343369,0.2266069976,0.1253051261,0,0.004707660119,0,0.04765779379,17206
W07000077,Islwyn,Labour,0.3077830724,0.02201043794,0.03008849558,0.04229634672,0.1547084184,0.06739278421,0,0.3388699796,0,0.03685046517,22035
W07000078,Vale of Glamorgan,Conservative,0.3138736479,0.03361028374,0.1009249099,0.07070073679,0.1168208183,0.1436902336,0,0.1908136071,0,0.02953440978,31895
W07000079,Cardiff West,Labour,0.2592255344,0.04332406786,0.08080130356,0.08094507812,0.2384261478,0.2748969616,0,0,0,0.02238090674,20866
W07000080,Cardiff South and Penarth,Labour,0.1499649942,0.02424737456,0.0394865811,0.0534655776,0.1570828471,0.1035939323,0,0.4581796966,0,0.01400233372,42850